Dates,State,Temperature,Humidity,Rainfall,Wind_Speed
2013-01-06,Telangana,25.22,61.68,0.0,3.33
2013-01-07,Telangana,24.92,60.43,0.0,2.69
2013-01-08,Telangana,23.48,59.07,0.0,2.06
2013-01-09,Telangana,22.19,37.91,0.0,2.87
2013-01-10,Telangana,21.54,30.39,0.0,2.62
2013-01-11,Telangana,21.09,31.11,0.0,3.19
2013-01-12,Telangana,21.16,25.54,0.0,3.14
2013-01-13,Telangana,22.36,25.24,0.0,2.88
2013-01-14,Telangana,23.71,25.44,0.0,2.46
2013-01-15,Telangana,23.04,39.0,0.0,3.2
2013-01-16,Telangana,22.56,55.41,0.0,3.44
2013-01-17,Telangana,22.41,58.02,0.0,4.18
2013-01-18,Telangana,22.07,58.08,0.0,3.55
2013-01-19,Telangana,22.4,56.51,0.0,2.8
2013-01-20,Telangana,22.12,45.28,0.0,2.24
2013-01-21,Telangana,22.05,49.3,0.0,2.46
2013-01-22,Telangana,22.1,53.49,0.0,3.16
2013-01-23,Telangana,22.45,57.34,0.0,3.94
2013-01-24,Telangana,23.0,56.78,0.0,4.2
2013-01-25,Telangana,23.02,57.57,0.0,3.72
2013-01-26,Telangana,23.16,54.79,0.0,3.16
2013-01-27,Telangana,23.55,50.0,0.0,2.59
2013-01-28,Telangana,23.73,52.23,0.44,2.56
2013-01-29,Telangana,23.48,56.38,0.18,2.76
2013-01-30,Telangana,23.06,55.65,0.0,2.64
2013-01-31,Telangana,22.8,56.42,0.0,3.04
2013-02-01,Telangana,22.91,55.59,0.0,3.16
2013-02-02,Telangana,22.37,55.28,0.0,3.01
2013-02-03,Telangana,23.43,45.73,0.0,2.95
2013-02-04,Telangana,23.91,47.63,0.0,4.45
2013-02-05,Telangana,23.55,53.19,0.0,4.63
2013-02-06,Telangana,24.37,52.87,0.03,3.51
2013-02-07,Telangana,26.16,46.92,2.1,2.34
2013-02-08,Telangana,25.66,43.81,0.14,1.94
2013-02-09,Telangana,25.08,48.19,0.0,3.7
2013-02-10,Telangana,25.21,56.34,0.0,3.5
2013-02-11,Telangana,25.59,55.55,0.0,3.52
2013-02-12,Telangana,25.37,53.8,0.0,2.9
2013-02-13,Telangana,25.85,40.77,0.0,3.39
2013-02-14,Telangana,24.82,45.7,0.0,4.09
2013-02-15,Telangana,25.81,54.81,2.62,4.65
2013-02-16,Telangana,23.54,79.74,15.69,5.48
2013-02-17,Telangana,22.84,54.8,1.49,3.62
2013-02-18,Telangana,20.72,37.06,0.0,3.47
2013-02-19,Telangana,21.83,42.86,0.0,2.92
2013-02-20,Telangana,23.07,61.79,0.0,2.92
2013-02-21,Telangana,23.78,60.25,0.0,2.72
2013-02-22,Telangana,24.15,61.21,0.0,3.36
2013-02-23,Telangana,25.14,58.07,0.02,3.66
2013-02-24,Telangana,25.39,52.72,0.0,3.04
2013-02-25,Telangana,25.55,38.86,0.0,2.79
2013-02-26,Telangana,25.75,34.66,0.0,2.73
2013-02-27,Telangana,25.89,36.72,0.0,2.37
2013-02-28,Telangana,26.3,32.68,0.0,2.94
2013-03-01,Telangana,26.02,29.7,0.0,3.89
2013-03-02,Telangana,25.33,24.31,0.0,3.63
2013-03-03,Telangana,24.93,19.68,0.0,3.49
2013-03-04,Telangana,25.51,35.29,0.0,3.05
2013-03-05,Telangana,25.36,46.86,0.0,3.8
2013-03-06,Telangana,25.92,44.09,0.0,3.29
2013-03-07,Telangana,27.22,52.53,0.0,3.26
2013-03-08,Telangana,27.64,46.34,0.0,2.67
2013-03-09,Telangana,27.98,41.11,0.0,2.3
2013-03-10,Telangana,28.92,38.19,0.0,3.31
2013-03-11,Telangana,29.47,36.94,0.0,4.53
2013-03-12,Telangana,29.3,40.43,0.06,4.94
2013-03-13,Telangana,29.83,31.98,0.03,5.17
2013-03-14,Telangana,28.53,38.38,0.0,5.0
2013-03-15,Telangana,28.74,35.05,0.0,4.52
2013-03-16,Telangana,27.72,29.96,0.01,4.13
2013-03-17,Telangana,28.2,26.08,0.0,3.2
2013-03-18,Telangana,28.33,33.22,0.0,3.21
2013-03-19,Telangana,28.75,40.27,0.0,3.6
2013-03-20,Telangana,29.42,35.67,0.0,3.33
2013-03-21,Telangana,29.92,32.67,0.0,3.14
2013-03-22,Telangana,30.83,31.31,0.0,3.39
2013-03-23,Telangana,29.11,36.1,0.0,5.53
2013-03-24,Telangana,29.45,37.6,0.0,3.65
2013-03-25,Telangana,29.83,33.08,0.0,2.67
2013-03-26,Telangana,30.7,28.36,0.0,3.46
2013-03-27,Telangana,31.05,30.47,0.0,4.98
2013-03-28,Telangana,30.5,36.23,0.0,5.11
2013-03-29,Telangana,30.64,29.78,0.0,3.81
2013-03-30,Telangana,30.81,32.66,0.0,2.99
2013-03-31,Telangana,31.4,35.53,0.12,3.04
2013-04-01,Telangana,31.52,34.08,1.57,4.35
2013-04-02,Telangana,28.91,53.54,18.96,4.0
2013-04-03,Telangana,28.95,55.03,0.99,2.96
2013-04-04,Telangana,30.37,44.85,0.42,1.87
2013-04-05,Telangana,30.97,42.38,0.0,1.61
2013-04-06,Telangana,31.57,39.56,0.0,2.02
2013-04-07,Telangana,31.52,40.19,0.0,2.55
2013-04-08,Telangana,31.7,43.77,0.0,3.33
2013-04-09,Telangana,32.23,41.78,0.0,3.44
2013-04-10,Telangana,31.59,38.83,0.0,4.55
2013-04-11,Telangana,31.48,34.75,0.01,3.97
2013-04-12,Telangana,31.94,38.12,0.01,4.39
2013-04-13,Telangana,32.04,39.63,0.14,5.17
2013-04-14,Telangana,31.17,35.58,0.0,4.88
2013-04-15,Telangana,31.71,42.77,0.0,3.34
2013-04-16,Telangana,33.25,28.52,0.0,2.81
2013-04-17,Telangana,32.33,19.8,0.0,4.38
2013-04-18,Telangana,32.48,18.88,0.0,4.16
2013-04-19,Telangana,32.55,23.78,0.0,4.6
2013-04-20,Telangana,31.32,29.01,0.14,2.65
2013-04-21,Telangana,30.19,47.2,0.16,4.24
2013-04-22,Telangana,28.24,62.71,13.63,4.69
2013-04-23,Telangana,28.16,64.12,4.06,3.41
2013-04-24,Telangana,28.86,59.7,1.49,2.53
2013-04-25,Telangana,28.87,60.96,5.44,3.18
2013-04-26,Telangana,29.47,53.04,0.14,2.98
2013-04-27,Telangana,30.73,48.86,1.1,2.55
2013-04-28,Telangana,32.18,44.05,0.0,2.65
2013-04-29,Telangana,32.97,42.97,0.51,3.88
2013-04-30,Telangana,33.17,41.58,0.03,3.82
2013-05-01,Telangana,33.44,36.67,0.01,3.63
2013-05-02,Telangana,33.94,37.06,0.14,4.61
2013-05-03,Telangana,34.79,29.34,0.0,4.38
2013-05-04,Telangana,33.94,32.48,0.0,3.19
2013-05-05,Telangana,33.63,47.74,0.0,6.13
2013-05-06,Telangana,32.64,48.81,0.47,5.21
2013-05-07,Telangana,33.29,45.58,1.35,4.07
2013-05-08,Telangana,34.77,38.17,0.19,3.28
2013-05-09,Telangana,35.75,32.84,0.0,3.56
2013-05-10,Telangana,35.86,27.66,0.0,4.42
2013-05-11,Telangana,35.74,31.07,0.0,3.92
2013-05-12,Telangana,33.58,37.14,0.24,3.35
2013-05-13,Telangana,32.85,42.6,0.01,3.28
2013-05-14,Telangana,33.88,35.56,0.0,2.97
2013-05-15,Telangana,34.43,31.76,0.0,2.54
2013-05-16,Telangana,35.2,27.78,0.0,3.85
2013-05-17,Telangana,35.68,26.66,0.0,3.58
2013-05-18,Telangana,35.69,29.62,0.01,3.45
2013-05-19,Telangana,35.83,30.49,0.27,4.09
2013-05-20,Telangana,33.92,40.03,0.13,5.08
2013-05-21,Telangana,34.19,40.25,0.12,6.25
2013-05-22,Telangana,36.53,24.88,0.04,6.13
2013-05-23,Telangana,35.68,22.73,0.0,5.11
2013-05-24,Telangana,36.45,25.55,0.0,5.99
2013-05-25,Telangana,35.61,23.15,0.0,6.34
2013-05-26,Telangana,31.7,36.72,0.0,5.3
2013-05-27,Telangana,30.31,47.15,1.08,5.87
2013-05-28,Telangana,30.67,50.78,0.96,4.77
2013-05-29,Telangana,31.65,52.04,6.26,7.01
2013-05-30,Telangana,31.64,51.25,0.45,6.8
2013-05-31,Telangana,28.9,57.12,3.74,4.03
2013-06-01,Telangana,27.75,68.01,2.63,2.93
2013-06-02,Telangana,27.79,65.11,1.28,3.72
2013-06-03,Telangana,27.28,71.19,25.57,4.0
2013-06-04,Telangana,27.49,70.52,1.93,3.59
2013-06-05,Telangana,28.37,71.48,17.94,2.91
2013-06-06,Telangana,27.81,74.9,1.54,3.63
2013-06-07,Telangana,27.23,72.8,5.75,2.45
2013-06-08,Telangana,26.55,78.26,21.09,4.01
2013-06-09,Telangana,25.65,81.59,5.21,6.18
2013-06-10,Telangana,25.51,80.92,11.4,5.87
2013-06-11,Telangana,25.71,81.19,16.12,5.24
2013-06-12,Telangana,25.94,76.37,1.18,5.62
2013-06-13,Telangana,25.29,76.99,6.01,7.47
2013-06-14,Telangana,24.67,82.23,8.71,8.47
2013-06-15,Telangana,26.11,72.04,3.7,8.85
2013-06-16,Telangana,27.32,69.42,0.03,7.36
2013-06-17,Telangana,27.64,69.5,0.0,7.01
2013-06-18,Telangana,27.74,70.88,0.07,6.14
2013-06-19,Telangana,27.74,68.58,0.45,4.64
2013-06-20,Telangana,27.33,70.1,3.16,5.12
2013-06-21,Telangana,27.23,70.31,1.09,6.27
2013-06-22,Telangana,26.42,72.93,3.8,6.35
2013-06-23,Telangana,25.8,76.01,9.04,7.24
2013-06-24,Telangana,24.9,81.45,16.2,7.39
2013-06-25,Telangana,26.15,74.78,1.5,8.75
2013-06-26,Telangana,26.99,74.2,5.18,7.44
2013-06-27,Telangana,27.8,69.06,0.06,6.75
2013-06-28,Telangana,27.79,66.97,0.51,6.26
2013-06-29,Telangana,26.58,71.94,0.53,6.23
2013-06-30,Telangana,26.01,73.81,0.07,7.32
2013-07-01,Telangana,26.1,73.32,0.0,7.85
2013-07-02,Telangana,26.66,73.09,7.32,6.38
2013-07-03,Telangana,26.17,73.02,2.28,6.32
2013-07-04,Telangana,26.21,73.69,0.8,5.46
2013-07-05,Telangana,25.79,75.76,1.69,3.15
2013-07-06,Telangana,25.35,80.3,3.51,3.45
2013-07-07,Telangana,25.15,78.18,1.37,4.94
2013-07-08,Telangana,25.75,78.41,1.26,5.08
2013-07-09,Telangana,25.57,76.69,2.05,6.02
2013-07-10,Telangana,25.82,75.04,8.09,7.08
2013-07-11,Telangana,24.14,84.83,23.15,6.32
2013-07-12,Telangana,24.66,84.1,31.76,6.05
2013-07-13,Telangana,25.52,78.36,2.08,5.72
2013-07-14,Telangana,25.72,78.85,5.25,5.25
2013-07-15,Telangana,25.86,78.98,2.73,5.38
2013-07-16,Telangana,24.37,84.93,25.4,5.57
2013-07-17,Telangana,25.16,82.42,14.17,6.67
2013-07-18,Telangana,24.67,84.42,18.52,8.1
2013-07-19,Telangana,24.11,88.35,15.24,9.09
2013-07-20,Telangana,24.99,84.28,0.64,7.25
2013-07-21,Telangana,25.02,82.76,8.23,6.73
2013-07-22,Telangana,24.08,87.86,23.36,7.53
2013-07-23,Telangana,24.85,83.43,8.85,8.4
2013-07-24,Telangana,25.59,79.57,0.37,8.44
2013-07-25,Telangana,25.34,81.15,0.31,8.06
2013-07-26,Telangana,24.62,83.15,1.05,7.19
2013-07-27,Telangana,25.49,79.42,0.02,6.83
2013-07-28,Telangana,26.11,78.28,0.01,7.08
2013-07-29,Telangana,25.74,77.79,0.03,7.45
2013-07-30,Telangana,24.9,81.24,8.95,8.25
2013-07-31,Telangana,23.66,84.95,15.59,10.25
2013-08-01,Telangana,24.62,80.34,3.66,9.37
2013-08-02,Telangana,25.25,77.77,0.1,7.07
2013-08-03,Telangana,25.35,79.3,0.0,4.61
2013-08-04,Telangana,25.62,79.02,2.56,4.31
2013-08-05,Telangana,23.39,88.4,13.61,5.43
2013-08-06,Telangana,23.57,87.17,3.85,5.29
2013-08-07,Telangana,25.36,81.37,0.04,4.16
2013-08-08,Telangana,25.07,84.61,0.07,3.99
2013-08-09,Telangana,24.67,85.27,0.46,3.9
2013-08-10,Telangana,25.15,83.61,0.66,4.26
2013-08-11,Telangana,25.09,83.3,8.19,3.91
2013-08-12,Telangana,24.01,89.16,16.61,4.9
2013-08-13,Telangana,24.93,84.25,3.85,4.82
2013-08-14,Telangana,24.44,87.08,13.5,4.25
2013-08-15,Telangana,24.47,87.53,19.11,5.08
2013-08-16,Telangana,24.3,88.74,19.91,5.65
2013-08-17,Telangana,24.71,86.57,5.22,4.9
2013-08-18,Telangana,24.61,86.96,13.33,5.27
2013-08-19,Telangana,24.86,85.06,4.04,5.42
2013-08-20,Telangana,24.58,83.49,0.52,6.19
2013-08-21,Telangana,25.19,80.5,0.2,7.09
2013-08-22,Telangana,24.2,83.57,0.4,6.63
2013-08-23,Telangana,24.92,80.84,0.09,5.66
2013-08-24,Telangana,24.62,81.84,0.22,4.37
2013-08-25,Telangana,24.83,84.48,3.69,4.02
2013-08-26,Telangana,24.56,83.69,1.83,5.03
2013-08-27,Telangana,24.44,82.6,0.06,4.25
2013-08-28,Telangana,23.75,88.22,0.8,3.41
2013-08-29,Telangana,24.14,87.25,4.47,2.75
2013-08-30,Telangana,25.47,81.16,0.29,2.45
2013-08-31,Telangana,26.36,79.17,1.43,1.27
2013-09-01,Telangana,26.19,82.46,1.67,2.01
2013-09-02,Telangana,25.86,82.08,1.24,1.56
2013-09-03,Telangana,25.19,85.62,8.2,2.45
2013-09-04,Telangana,24.26,84.73,1.3,3.67
2013-09-05,Telangana,24.63,81.56,0.28,3.82
2013-09-06,Telangana,24.47,83.65,1.89,3.55
2013-09-07,Telangana,24.13,86.58,4.79,2.62
2013-09-08,Telangana,23.77,87.8,28.8,2.56
2013-09-09,Telangana,24.09,89.44,3.9,3.3
2013-09-10,Telangana,24.87,88.53,8.31,2.52
2013-09-11,Telangana,24.49,88.44,3.05,2.76
2013-09-12,Telangana,25.08,84.64,1.97,2.31
2013-09-13,Telangana,25.05,87.43,3.48,1.72
2013-09-14,Telangana,25.38,85.9,3.66,1.1
2013-09-15,Telangana,25.07,87.55,14.77,2.69
2013-09-16,Telangana,24.66,88.47,8.71,1.98
2013-09-17,Telangana,25.05,86.23,2.35,2.21
2013-09-18,Telangana,24.93,88.34,21.53,2.9
2013-09-19,Telangana,24.81,88.49,16.39,2.42
2013-09-20,Telangana,24.71,88.54,9.95,4.2
2013-09-21,Telangana,24.2,85.14,0.44,5.79
2013-09-22,Telangana,24.45,82.65,0.01,5.13
2013-09-23,Telangana,24.39,81.68,0.0,5.01
2013-09-24,Telangana,24.48,81.21,0.29,3.03
2013-09-25,Telangana,24.28,83.39,0.68,2.74
2013-09-26,Telangana,24.31,84.17,2.95,3.16
2013-09-27,Telangana,24.98,82.59,2.32,3.91
2013-09-28,Telangana,25.14,83.85,0.47,3.99
2013-09-29,Telangana,24.58,84.48,0.03,3.99
2013-09-30,Telangana,24.66,83.85,0.08,3.8
2013-10-01,Telangana,24.93,85.86,0.91,2.23
2013-10-02,Telangana,24.22,88.77,8.52,2.79
2013-10-03,Telangana,24.11,89.04,8.98,3.43
2013-10-04,Telangana,24.34,84.82,0.14,4.02
2013-10-05,Telangana,24.33,81.11,0.66,3.94
2013-10-06,Telangana,23.98,85.22,0.3,2.9
2013-10-07,Telangana,25.48,81.75,0.19,0.97
2013-10-08,Telangana,25.54,84.27,0.91,2.08
2013-10-09,Telangana,24.62,87.12,34.95,1.81
2013-10-10,Telangana,24.16,87.25,22.99,1.96
2013-10-11,Telangana,23.96,87.23,2.39,2.72
2013-10-12,Telangana,24.21,85.04,0.15,4.41
2013-10-13,Telangana,24.89,84.59,0.11,4.23
2013-10-14,Telangana,25.05,85.78,0.73,3.48
2013-10-15,Telangana,25.01,84.03,0.26,2.34
2013-10-16,Telangana,24.58,83.47,0.01,2.45
2013-10-17,Telangana,24.27,85.04,6.03,2.73
2013-10-18,Telangana,23.16,80.42,1.67,2.93
2013-10-19,Telangana,22.68,78.25,0.03,2.97
2013-10-20,Telangana,22.57,78.85,0.0,2.81
2013-10-21,Telangana,23.26,85.46,2.69,3.62
2013-10-22,Telangana,22.99,88.95,3.24,4.55
2013-10-23,Telangana,22.8,94.28,23.26,4.55
2013-10-24,Telangana,22.99,95.47,34.25,4.01
2013-10-25,Telangana,23.02,93.77,39.68,4.26
2013-10-26,Telangana,23.21,93.94,12.07,3.18
2013-10-27,Telangana,23.75,89.31,0.43,3.53
2013-10-28,Telangana,23.59,85.33,0.04,2.4
2013-10-29,Telangana,22.04,78.9,0.0,2.61
2013-10-30,Telangana,21.08,78.53,0.0,2.6
2013-10-31,Telangana,20.88,78.07,0.0,2.31
2013-11-01,Telangana,21.79,80.77,0.0,2.32
2013-11-02,Telangana,22.96,86.45,0.03,2.1
2013-11-03,Telangana,22.97,87.29,0.01,2.44
2013-11-04,Telangana,22.54,86.27,0.0,2.28
2013-11-05,Telangana,20.61,82.75,0.0,2.69
2013-11-06,Telangana,20.63,79.4,0.0,2.36
2013-11-07,Telangana,20.95,81.94,0.0,2.12
2013-11-08,Telangana,21.62,83.12,0.0,1.83
2013-11-09,Telangana,21.65,79.72,0.0,1.76
2013-11-10,Telangana,20.66,80.21,0.0,2.28
2013-11-11,Telangana,19.49,80.88,0.0,2.96
2013-11-12,Telangana,19.17,78.75,0.0,2.38
2013-11-13,Telangana,18.38,73.95,0.0,2.36
2013-11-14,Telangana,17.78,79.02,0.0,2.8
2013-11-15,Telangana,17.38,81.22,0.0,3.38
2013-11-16,Telangana,18.53,82.47,0.0,3.3
2013-11-17,Telangana,19.86,86.27,0.11,3.07
2013-11-18,Telangana,21.52,86.41,0.02,2.98
2013-11-19,Telangana,20.7,80.7,0.0,3.25
2013-11-20,Telangana,20.48,82.75,0.0,3.42
2013-11-21,Telangana,20.97,83.12,0.0,3.55
2013-11-22,Telangana,21.76,86.25,1.42,4.03
2013-11-23,Telangana,22.61,88.91,4.41,3.49
2013-11-24,Telangana,22.76,88.21,1.53,3.23
2013-11-25,Telangana,22.97,84.34,0.02,1.65
2013-11-26,Telangana,21.29,80.27,0.0,3.21
2013-11-27,Telangana,18.89,73.01,0.0,3.57
2013-11-28,Telangana,19.22,72.61,0.21,4.15
2013-11-29,Telangana,21.76,87.33,3.85,4.71
2013-11-30,Telangana,22.02,84.4,0.02,2.03
2013-12-01,Telangana,22.84,82.93,0.0,1.87
2013-12-02,Telangana,21.96,86.8,0.0,2.59
2013-12-03,Telangana,21.78,85.01,0.0,3.04
2013-12-04,Telangana,20.51,79.51,0.0,2.96
2013-12-05,Telangana,19.27,75.29,0.0,3.22
2013-12-06,Telangana,17.96,74.76,0.0,3.38
2013-12-07,Telangana,16.49,69.87,0.0,3.37
2013-12-08,Telangana,17.38,70.53,0.0,2.95
2013-12-09,Telangana,17.02,68.98,0.0,3.83
2013-12-10,Telangana,17.38,70.59,0.0,3.87
2013-12-11,Telangana,18.0,71.97,0.0,3.63
2013-12-12,Telangana,17.52,64.86,0.0,4.23
2013-12-13,Telangana,17.31,61.56,0.0,3.19
2013-12-14,Telangana,18.45,51.62,0.0,2.23
2013-12-15,Telangana,18.44,56.69,0.0,2.79
2013-12-16,Telangana,17.46,62.19,0.0,2.48
2013-12-17,Telangana,18.28,56.97,0.0,1.79
2013-12-18,Telangana,18.11,61.55,0.0,1.72
2013-12-19,Telangana,17.84,68.28,0.0,2.05
2013-12-20,Telangana,18.0,68.01,0.0,2.43
2013-12-21,Telangana,18.1,77.72,0.0,3.43
2013-12-22,Telangana,18.46,80.14,0.0,3.62
2013-12-23,Telangana,19.08,79.87,0.0,3.19
2013-12-24,Telangana,19.26,77.77,0.0,2.85
2013-12-25,Telangana,19.06,74.46,0.0,2.23
2013-12-26,Telangana,18.74,74.54,0.0,2.3
2013-12-27,Telangana,18.14,75.01,0.0,2.32
2013-12-28,Telangana,18.58,76.7,0.0,2.61
2013-12-29,Telangana,18.74,76.67,0.0,2.84
2013-12-30,Telangana,18.51,76.15,0.0,3.54
2013-12-31,Telangana,18.99,75.45,0.0,3.7
2014-01-01,Telangana,18.73,75.14,0.0,3.18
2014-01-02,Telangana,19.13,69.29,0.0,2.34
2014-01-03,Telangana,19.62,68.01,0.0,2.0
2014-01-04,Telangana,19.8,69.02,0.0,2.51
2014-01-05,Telangana,20.19,73.76,0.0,2.72
2014-01-06,Telangana,20.86,71.62,0.0,2.55
2014-01-07,Telangana,20.31,71.75,0.0,2.67
2014-01-08,Telangana,19.8,69.1,0.0,3.1
2014-01-09,Telangana,20.24,72.53,0.0,2.66
2014-01-10,Telangana,20.84,72.91,0.0,3.44
2014-01-11,Telangana,21.2,74.65,0.0,4.0
2014-01-12,Telangana,20.76,71.11,0.0,3.1
2014-01-13,Telangana,20.5,66.3,0.0,2.86
2014-01-14,Telangana,20.58,70.07,0.0,2.7
2014-01-15,Telangana,20.94,70.32,0.0,2.66
2014-01-16,Telangana,21.26,69.4,0.0,3.24
2014-01-17,Telangana,21.38,71.13,0.0,4.63
2014-01-18,Telangana,21.33,73.2,0.0,4.42
2014-01-19,Telangana,21.7,72.06,0.0,3.9
2014-01-20,Telangana,21.55,70.74,0.0,3.75
2014-01-21,Telangana,21.69,71.0,0.0,3.66
2014-01-22,Telangana,20.95,73.32,0.0,3.52
2014-01-23,Telangana,21.08,73.36,0.0,3.21
2014-01-24,Telangana,21.38,71.42,0.0,2.79
2014-01-25,Telangana,21.86,67.15,0.0,2.45
2014-01-26,Telangana,21.39,64.24,0.0,2.72
2014-01-27,Telangana,20.71,63.54,0.0,2.4
2014-01-28,Telangana,20.6,59.74,0.0,2.21
2014-01-29,Telangana,20.29,65.61,0.0,2.62
2014-01-30,Telangana,20.33,63.18,0.0,2.72
2014-01-31,Telangana,20.44,54.85,0.0,2.23
2014-02-01,Telangana,20.49,62.38,0.0,2.73
2014-02-02,Telangana,21.33,64.41,0.0,2.34
2014-02-03,Telangana,22.62,50.4,0.0,1.84
2014-02-04,Telangana,22.6,37.92,0.0,2.22
2014-02-05,Telangana,22.9,38.14,0.0,2.25
2014-02-06,Telangana,23.37,39.36,0.0,2.33
2014-02-07,Telangana,23.15,43.68,0.0,2.53
2014-02-08,Telangana,23.58,44.73,0.0,2.67
2014-02-09,Telangana,23.72,45.03,0.0,3.07
2014-02-10,Telangana,23.73,44.24,0.0,2.21
2014-02-11,Telangana,22.95,45.31,0.0,1.62
2014-02-12,Telangana,23.33,57.6,0.0,3.46
2014-02-13,Telangana,23.48,58.45,0.0,5.84
2014-02-14,Telangana,23.14,65.64,0.24,4.44
2014-02-15,Telangana,23.49,56.08,0.04,3.19
2014-02-16,Telangana,23.49,49.33,0.09,3.12
2014-02-17,Telangana,22.3,37.6,0.0,4.27
2014-02-18,Telangana,21.41,33.31,0.0,3.4
2014-02-19,Telangana,22.46,51.39,0.0,2.97
2014-02-20,Telangana,23.81,57.81,0.0,3.57
2014-02-21,Telangana,24.0,59.6,0.0,3.71
2014-02-22,Telangana,24.62,58.12,0.0,3.72
2014-02-23,Telangana,24.41,56.75,0.0,4.02
2014-02-24,Telangana,23.88,56.33,0.0,4.16
2014-02-25,Telangana,23.94,55.2,0.0,3.72
2014-02-26,Telangana,24.05,49.41,0.22,3.98
2014-02-27,Telangana,24.61,47.58,0.6,4.31
2014-02-28,Telangana,24.11,55.18,2.63,3.64
2014-03-01,Telangana,24.07,66.89,4.47,3.61
2014-03-02,Telangana,23.18,70.7,4.35,2.63
2014-03-03,Telangana,22.73,69.88,6.34,3.11
2014-03-04,Telangana,20.32,80.05,19.65,3.64
2014-03-05,Telangana,19.97,78.52,3.87,2.86
2014-03-06,Telangana,22.5,72.57,1.64,2.91
2014-03-07,Telangana,23.44,67.14,0.91,3.01
2014-03-08,Telangana,23.55,65.4,4.26,3.18
2014-03-09,Telangana,23.68,69.02,5.01,2.73
2014-03-10,Telangana,24.15,65.38,0.63,2.55
2014-03-11,Telangana,24.64,59.5,0.01,3.96
2014-03-12,Telangana,23.41,61.19,0.03,3.47
2014-03-13,Telangana,24.67,54.33,0.0,2.41
2014-03-14,Telangana,26.28,50.62,0.0,2.52
2014-03-15,Telangana,26.5,47.64,0.0,2.3
2014-03-16,Telangana,27.34,46.34,0.0,2.48
2014-03-17,Telangana,27.99,43.83,0.0,2.09
2014-03-18,Telangana,27.55,43.46,0.0,2.84
2014-03-19,Telangana,28.23,42.13,0.0,1.94
2014-03-20,Telangana,28.73,42.27,0.0,1.83
2014-03-21,Telangana,29.16,39.86,0.0,2.02
2014-03-22,Telangana,29.07,40.17,0.0,2.48
2014-03-23,Telangana,29.37,40.16,0.0,3.29
2014-03-24,Telangana,28.8,42.64,0.0,3.84
2014-03-25,Telangana,29.47,40.74,0.0,3.3
2014-03-26,Telangana,29.52,38.1,0.0,3.77
2014-03-27,Telangana,29.48,31.63,0.0,3.25
2014-03-28,Telangana,30.16,28.99,0.0,2.15
2014-03-29,Telangana,31.05,26.81,0.0,2.11
2014-03-30,Telangana,32.16,25.0,0.0,1.92
2014-03-31,Telangana,32.07,26.61,0.0,1.91
2014-04-01,Telangana,32.48,26.82,0.07,1.57
2014-04-02,Telangana,32.12,26.6,0.0,1.57
2014-04-03,Telangana,31.1,29.38,0.0,1.72
2014-04-04,Telangana,31.48,28.95,0.0,2.07
2014-04-05,Telangana,31.2,25.7,0.0,2.51
2014-04-06,Telangana,31.03,27.03,0.0,2.79
2014-04-07,Telangana,31.47,30.93,0.0,3.64
2014-04-08,Telangana,32.37,27.09,0.24,2.76
2014-04-09,Telangana,31.65,29.25,3.55,2.01
2014-04-10,Telangana,31.46,31.95,1.0,1.48
2014-04-11,Telangana,31.8,27.7,0.0,1.61
2014-04-12,Telangana,31.58,28.58,0.0,1.8
2014-04-13,Telangana,31.26,39.48,0.27,4.19
2014-04-14,Telangana,30.61,42.98,1.03,4.06
2014-04-15,Telangana,30.54,40.91,0.01,2.97
2014-04-16,Telangana,31.84,29.65,0.0,2.85
2014-04-17,Telangana,32.59,33.45,0.49,2.6
2014-04-18,Telangana,31.33,35.97,0.15,2.33
2014-04-19,Telangana,32.09,32.81,1.22,2.19
2014-04-20,Telangana,31.74,34.1,0.22,2.36
2014-04-21,Telangana,32.0,32.67,0.0,2.05
2014-04-22,Telangana,30.99,33.12,0.0,2.98
2014-04-23,Telangana,32.53,31.01,0.0,2.12
2014-04-24,Telangana,32.94,32.42,2.16,2.06
2014-04-25,Telangana,33.01,33.76,0.01,1.75
2014-04-26,Telangana,33.83,32.3,0.07,2.44
2014-04-27,Telangana,33.88,34.07,0.43,2.76
2014-04-28,Telangana,33.68,35.57,0.65,2.83
2014-04-29,Telangana,33.57,32.64,0.26,3.54
2014-04-30,Telangana,31.36,45.44,0.88,2.73
2014-05-01,Telangana,32.97,36.24,0.02,2.29
2014-05-02,Telangana,33.37,36.78,0.09,3.81
2014-05-03,Telangana,32.45,41.93,0.93,4.02
2014-05-04,Telangana,31.7,45.73,1.79,3.55
2014-05-05,Telangana,31.22,46.56,0.04,5.23
2014-05-06,Telangana,30.4,51.41,0.44,5.36
2014-05-07,Telangana,30.02,51.14,0.02,5.47
2014-05-08,Telangana,27.29,61.76,14.95,5.02
2014-05-09,Telangana,24.97,84.44,21.86,3.83
2014-05-10,Telangana,29.11,63.13,0.13,5.53
2014-05-11,Telangana,30.9,47.63,0.0,3.58
2014-05-12,Telangana,31.35,40.95,0.0,3.18
2014-05-13,Telangana,32.26,37.61,0.0,2.27
2014-05-14,Telangana,31.45,38.66,0.0,3.26
2014-05-15,Telangana,31.7,39.38,0.0,2.93
2014-05-16,Telangana,31.96,40.58,0.0,2.86
2014-05-17,Telangana,32.15,42.36,0.04,2.6
2014-05-18,Telangana,32.29,40.1,0.0,2.38
2014-05-19,Telangana,32.02,47.39,2.91,2.92
2014-05-20,Telangana,31.99,47.46,0.04,1.97
2014-05-21,Telangana,32.37,45.59,0.28,2.44
2014-05-22,Telangana,33.78,39.08,0.03,5.74
2014-05-23,Telangana,35.01,27.13,0.0,4.39
2014-05-24,Telangana,34.22,33.8,0.0,3.15
2014-05-25,Telangana,33.55,42.86,0.05,4.56
2014-05-26,Telangana,28.95,59.67,0.38,3.3
2014-05-27,Telangana,32.93,44.46,2.15,2.96
2014-05-28,Telangana,33.97,40.21,0.03,2.6
2014-05-29,Telangana,34.19,39.02,0.36,3.48
2014-05-30,Telangana,34.87,38.18,0.22,4.28
2014-05-31,Telangana,35.31,34.6,0.68,4.8
2014-06-01,Telangana,35.44,28.06,0.54,2.47
2014-06-02,Telangana,32.27,46.28,16.57,2.41
2014-06-03,Telangana,29.54,62.34,7.29,2.56
2014-06-04,Telangana,31.08,52.42,0.02,3.12
2014-06-05,Telangana,31.95,52.23,1.51,3.68
2014-06-06,Telangana,32.82,49.41,2.12,5.7
2014-06-07,Telangana,33.14,48.23,0.02,6.32
2014-06-08,Telangana,32.93,46.11,0.0,6.48
2014-06-09,Telangana,32.48,45.78,0.0,7.54
2014-06-10,Telangana,31.7,51.42,1.59,4.39
2014-06-11,Telangana,32.15,49.92,0.63,6.37
2014-06-12,Telangana,32.21,45.57,0.0,6.72
2014-06-13,Telangana,30.48,51.1,0.94,6.85
2014-06-14,Telangana,31.65,47.33,1.42,5.76
2014-06-15,Telangana,30.02,53.46,1.52,6.75
2014-06-16,Telangana,29.9,54.14,0.0,7.32
2014-06-17,Telangana,31.31,51.63,1.1,6.69
2014-06-18,Telangana,28.56,57.61,0.18,6.56
2014-06-19,Telangana,29.25,59.43,3.9,6.57
2014-06-20,Telangana,28.17,62.72,0.71,6.14
2014-06-21,Telangana,30.36,52.2,0.0,6.9
2014-06-22,Telangana,30.31,51.05,0.0,6.82
2014-06-23,Telangana,31.93,44.78,0.0,6.97
2014-06-24,Telangana,32.25,42.5,0.0,7.09
2014-06-25,Telangana,32.57,41.53,0.18,7.15
2014-06-26,Telangana,32.16,41.46,1.23,5.77
2014-06-27,Telangana,31.52,44.83,1.42,3.63
2014-06-28,Telangana,29.26,56.81,1.89,4.17
2014-06-29,Telangana,29.19,56.75,0.03,3.93
2014-06-30,Telangana,30.19,47.52,0.01,4.44
2014-07-01,Telangana,31.38,41.58,0.16,4.55
2014-07-02,Telangana,32.3,40.15,0.06,5.04
2014-07-03,Telangana,32.17,42.21,0.01,5.56
2014-07-04,Telangana,30.75,51.48,1.59,4.8
2014-07-05,Telangana,29.41,62.46,19.06,4.62
2014-07-06,Telangana,26.86,73.64,5.34,3.86
2014-07-07,Telangana,26.3,77.74,27.63,5.25
2014-07-08,Telangana,26.6,79.29,13.04,4.77
2014-07-09,Telangana,25.35,82.63,4.79,3.94
2014-07-10,Telangana,26.43,73.68,0.09,6.55
2014-07-11,Telangana,26.2,69.23,0.27,8.7
2014-07-12,Telangana,25.92,67.34,0.73,8.17
2014-07-13,Telangana,26.4,73.36,1.5,7.35
2014-07-14,Telangana,26.06,76.5,1.96,6.25
2014-07-15,Telangana,26.27,76.35,4.39,6.96
2014-07-16,Telangana,26.86,70.76,0.4,7.98
2014-07-17,Telangana,28.52,64.43,0.01,7.7
2014-07-18,Telangana,27.77,67.65,0.0,7.97
2014-07-19,Telangana,27.29,68.71,2.25,7.87
2014-07-20,Telangana,26.31,73.07,1.72,7.71
2014-07-21,Telangana,25.7,77.47,12.29,7.27
2014-07-22,Telangana,26.0,74.19,1.38,7.54
2014-07-23,Telangana,26.82,72.22,2.75,8.48
2014-07-24,Telangana,27.65,66.86,1.24,6.8
2014-07-25,Telangana,28.03,65.6,1.08,5.51
2014-07-26,Telangana,28.03,68.72,6.34,4.99
2014-07-27,Telangana,25.77,77.92,9.07,5.52
2014-07-28,Telangana,25.22,82.09,10.14,7.08
2014-07-29,Telangana,24.86,80.84,4.7,7.7
2014-07-30,Telangana,24.87,82.88,2.44,7.2
2014-07-31,Telangana,25.73,81.92,4.28,5.99
2014-08-01,Telangana,27.14,74.02,1.09,5.59
2014-08-02,Telangana,27.51,68.0,0.03,7.0
2014-08-03,Telangana,26.94,70.46,0.0,6.17
2014-08-04,Telangana,27.22,70.42,2.6,6.79
2014-08-05,Telangana,26.24,76.51,2.41,7.16
2014-08-06,Telangana,27.29,67.95,0.34,6.94
2014-08-07,Telangana,27.68,67.61,1.36,5.83
2014-08-08,Telangana,27.64,66.28,0.04,5.44
2014-08-09,Telangana,28.09,65.54,0.0,5.06
2014-08-10,Telangana,27.77,67.19,0.02,4.38
2014-08-11,Telangana,25.44,76.1,1.05,4.69
2014-08-12,Telangana,26.64,71.69,1.85,4.55
2014-08-13,Telangana,27.23,66.86,0.08,4.68
2014-08-14,Telangana,27.17,68.9,0.94,4.54
2014-08-15,Telangana,27.26,70.51,3.3,4.33
2014-08-16,Telangana,26.78,70.85,2.49,4.56
2014-08-17,Telangana,26.04,72.6,0.38,3.68
2014-08-18,Telangana,27.09,70.02,4.23,1.92
2014-08-19,Telangana,27.9,69.91,2.97,1.62
2014-08-20,Telangana,27.26,71.94,0.89,1.27
2014-08-21,Telangana,26.33,78.31,8.8,1.9
2014-08-22,Telangana,25.88,76.15,3.79,2.48
2014-08-23,Telangana,27.5,68.53,0.06,3.61
2014-08-24,Telangana,27.88,66.38,5.55,2.33
2014-08-25,Telangana,26.73,75.32,4.92,1.77
2014-08-26,Telangana,25.56,81.08,23.8,1.87
2014-08-27,Telangana,24.55,86.49,28.06,3.44
2014-08-28,Telangana,23.73,88.2,17.2,2.71
2014-08-29,Telangana,24.13,89.47,37.34,3.48
2014-08-30,Telangana,25.4,86.79,32.23,3.36
2014-08-31,Telangana,25.06,87.56,19.2,5.15
2014-09-01,Telangana,23.8,83.86,4.08,6.95
2014-09-02,Telangana,24.89,79.66,0.01,6.2
2014-09-03,Telangana,25.52,81.44,0.04,5.18
2014-09-04,Telangana,24.97,82.85,0.12,5.47
2014-09-05,Telangana,24.78,82.84,0.64,5.55
2014-09-06,Telangana,23.78,87.91,11.58,5.22
2014-09-07,Telangana,23.34,86.61,10.56,6.55
2014-09-08,Telangana,24.39,79.56,0.07,5.97
2014-09-09,Telangana,24.24,82.26,0.35,5.67
2014-09-10,Telangana,24.46,81.78,0.52,4.69
2014-09-11,Telangana,24.95,79.8,0.94,3.95
2014-09-12,Telangana,24.4,79.7,3.45,3.77
2014-09-13,Telangana,24.49,85.45,6.46,3.33
2014-09-14,Telangana,25.12,85.95,7.55,3.31
2014-09-15,Telangana,25.14,85.22,10.7,3.49
2014-09-16,Telangana,24.7,87.72,7.04,3.77
2014-09-17,Telangana,24.92,86.35,1.5,4.3
2014-09-18,Telangana,24.81,87.63,5.03,4.75
2014-09-19,Telangana,24.52,89.9,5.03,4.59
2014-09-20,Telangana,24.19,88.58,5.44,4.44
2014-09-21,Telangana,24.95,84.96,1.88,3.59
2014-09-22,Telangana,25.27,82.98,0.19,3.05
2014-09-23,Telangana,25.44,84.28,0.0,2.63
2014-09-24,Telangana,25.64,80.33,0.01,2.73
2014-09-25,Telangana,24.93,77.05,0.0,2.67
2014-09-26,Telangana,24.57,73.54,0.07,2.51
2014-09-27,Telangana,24.41,73.3,0.1,2.46
2014-09-28,Telangana,25.05,76.95,0.4,2.1
2014-09-29,Telangana,25.31,80.88,0.08,1.76
2014-09-30,Telangana,25.61,76.37,0.0,1.8
2014-10-01,Telangana,25.66,71.8,0.04,1.79
2014-10-02,Telangana,25.35,72.47,0.0,2.37
2014-10-03,Telangana,26.02,70.92,0.0,1.57
2014-10-04,Telangana,26.19,72.14,0.0,1.81
2014-10-05,Telangana,25.93,75.88,0.25,2.25
2014-10-06,Telangana,26.08,75.81,1.28,2.44
2014-10-07,Telangana,25.56,79.1,5.11,1.65
2014-10-08,Telangana,25.0,80.96,0.92,1.85
2014-10-09,Telangana,25.49,77.85,0.26,1.65
2014-10-10,Telangana,25.94,75.36,0.0,3.33
2014-10-11,Telangana,26.24,70.86,0.0,5.03
2014-10-12,Telangana,25.06,57.77,0.04,6.81
2014-10-13,Telangana,25.93,64.09,0.05,5.07
2014-10-14,Telangana,26.57,63.02,0.0,2.92
2014-10-15,Telangana,26.19,72.04,0.0,3.43
2014-10-16,Telangana,25.7,75.35,0.25,2.41
2014-10-17,Telangana,25.75,74.2,0.08,2.23
2014-10-18,Telangana,25.63,71.38,0.01,2.47
2014-10-19,Telangana,25.26,72.43,0.86,2.66
2014-10-20,Telangana,25.27,70.35,0.17,2.85
2014-10-21,Telangana,25.08,72.53,2.27,2.61
2014-10-22,Telangana,24.7,70.89,0.12,2.65
2014-10-23,Telangana,23.87,67.25,0.0,2.35
2014-10-24,Telangana,23.99,63.16,0.01,2.61
2014-10-25,Telangana,21.96,74.42,17.01,3.46
2014-10-26,Telangana,20.19,85.16,8.17,3.99
2014-10-27,Telangana,21.92,78.74,0.62,2.82
2014-10-28,Telangana,22.77,68.5,0.04,3.11
2014-10-29,Telangana,21.78,66.84,0.0,3.73
2014-10-30,Telangana,21.56,65.74,0.0,3.56
2014-10-31,Telangana,21.94,63.26,0.0,3.07
2014-11-01,Telangana,22.02,65.72,0.0,3.38
2014-11-02,Telangana,22.97,62.93,0.0,3.68
2014-11-03,Telangana,22.99,61.01,0.0,3.68
2014-11-04,Telangana,22.33,56.35,0.0,3.82
2014-11-05,Telangana,22.75,56.16,0.0,2.99
2014-11-06,Telangana,23.39,56.93,0.0,3.18
2014-11-07,Telangana,22.59,57.96,0.0,3.63
2014-11-08,Telangana,21.83,53.01,0.0,3.89
2014-11-09,Telangana,22.95,66.51,1.03,4.1
2014-11-10,Telangana,24.84,77.27,0.61,4.17
2014-11-11,Telangana,24.88,69.35,0.0,2.67
2014-11-12,Telangana,25.04,75.93,0.76,3.35
2014-11-13,Telangana,23.42,81.32,2.48,4.09
2014-11-14,Telangana,24.27,77.33,1.12,2.49
2014-11-15,Telangana,24.77,69.86,0.0,2.62
2014-11-16,Telangana,24.25,68.79,0.0,2.21
2014-11-17,Telangana,24.52,67.06,0.0,2.12
2014-11-18,Telangana,24.5,71.91,0.12,2.22
2014-11-19,Telangana,23.44,61.88,0.1,2.65
2014-11-20,Telangana,22.0,55.19,0.0,2.51
2014-11-21,Telangana,21.58,56.62,0.0,2.05
2014-11-22,Telangana,21.94,56.75,0.0,1.95
2014-11-23,Telangana,21.66,62.39,0.0,2.44
2014-11-24,Telangana,21.12,61.88,0.0,2.85
2014-11-25,Telangana,20.7,55.76,0.0,2.95
2014-11-26,Telangana,21.11,52.07,0.0,2.32
2014-11-27,Telangana,21.26,49.55,0.0,2.4
2014-11-28,Telangana,21.21,52.4,0.0,2.61
2014-11-29,Telangana,21.27,48.1,0.0,2.81
2014-11-30,Telangana,21.32,45.77,0.0,3.5
2014-12-01,Telangana,22.11,46.11,0.0,2.63
2014-12-02,Telangana,21.68,48.46,0.0,2.59
2014-12-03,Telangana,21.76,43.28,0.0,3.0
2014-12-04,Telangana,21.49,39.81,0.0,3.22
2014-12-05,Telangana,20.9,48.44,0.0,2.62
2014-12-06,Telangana,21.24,56.9,0.0,2.42
2014-12-07,Telangana,22.19,48.97,0.0,1.9
2014-12-08,Telangana,22.67,54.72,0.0,2.14
2014-12-09,Telangana,23.17,64.88,0.0,2.61
2014-12-10,Telangana,23.75,65.74,0.0,2.92
2014-12-11,Telangana,21.55,75.88,0.38,3.1
2014-12-12,Telangana,21.43,69.14,2.09,2.95
2014-12-13,Telangana,22.37,69.11,0.15,4.0
2014-12-14,Telangana,21.56,70.67,0.12,3.02
2014-12-15,Telangana,22.93,67.67,0.0,2.13
2014-12-16,Telangana,22.76,57.64,0.0,3.27
2014-12-17,Telangana,20.17,44.85,0.0,4.17
2014-12-18,Telangana,18.83,43.94,0.0,2.92
2014-12-19,Telangana,18.76,43.45,0.0,2.87
2014-12-20,Telangana,18.33,39.78,0.0,2.49
2014-12-21,Telangana,19.64,32.45,0.0,1.87
2014-12-22,Telangana,19.67,51.72,0.0,2.79
2014-12-23,Telangana,20.1,60.66,0.0,3.0
2014-12-24,Telangana,20.36,58.15,0.0,2.76
2014-12-25,Telangana,20.55,45.68,0.0,1.95
2014-12-26,Telangana,19.86,35.95,0.0,3.37
2014-12-27,Telangana,19.62,43.01,0.0,2.93
2014-12-28,Telangana,19.52,43.29,0.0,2.9
2014-12-29,Telangana,21.5,43.54,0.0,2.37
2014-12-30,Telangana,22.81,54.95,0.0,2.66
2014-12-31,Telangana,24.12,63.44,0.0,2.82
2015-01-01,Telangana,24.4,59.77,0.91,2.38
2015-01-02,Telangana,23.97,66.52,0.67,3.37
2015-01-03,Telangana,23.17,74.95,3.08,4.55
2015-01-04,Telangana,21.8,68.78,0.26,3.52
2015-01-05,Telangana,20.87,56.77,0.0,3.88
2015-01-06,Telangana,19.81,39.56,0.0,3.33
2015-01-07,Telangana,20.65,34.62,0.0,2.41
2015-01-08,Telangana,19.83,34.5,0.0,2.64
2015-01-09,Telangana,19.12,30.76,0.0,3.58
2015-01-10,Telangana,18.16,31.86,0.0,3.33
2015-01-11,Telangana,18.37,29.03,0.0,3.96
2015-01-12,Telangana,18.56,31.99,0.0,3.12
2015-01-13,Telangana,19.44,27.36,0.0,2.77
2015-01-14,Telangana,19.81,38.02,0.0,2.68
2015-01-15,Telangana,19.93,55.47,0.0,3.14
2015-01-16,Telangana,20.1,38.48,0.0,2.53
2015-01-17,Telangana,19.77,31.96,0.0,2.93
2015-01-18,Telangana,20.06,35.47,0.0,2.83
2015-01-19,Telangana,20.08,36.94,0.0,2.81
2015-01-20,Telangana,20.48,55.66,0.0,3.53
2015-01-21,Telangana,20.68,60.66,0.0,4.86
2015-01-22,Telangana,20.15,51.23,0.0,3.61
2015-01-23,Telangana,21.0,51.95,0.0,3.26
2015-01-24,Telangana,21.68,51.74,0.0,3.24
2015-01-25,Telangana,21.3,55.44,0.0,3.58
2015-01-26,Telangana,21.8,55.8,0.0,3.92
2015-01-27,Telangana,21.83,54.86,0.0,3.72
2015-01-28,Telangana,22.0,59.15,0.0,3.86
2015-01-29,Telangana,22.59,57.32,0.0,2.96
2015-01-30,Telangana,22.79,55.2,0.0,2.79
2015-01-31,Telangana,22.41,44.69,0.0,3.16
2015-02-01,Telangana,22.32,45.14,0.0,2.58
2015-02-02,Telangana,22.56,57.81,0.0,4.08
2015-02-03,Telangana,22.3,55.47,0.0,3.65
2015-02-04,Telangana,22.26,49.83,0.0,2.91
2015-02-05,Telangana,22.49,40.49,0.0,2.91
2015-02-06,Telangana,21.67,47.39,0.0,3.29
2015-02-07,Telangana,22.07,52.21,0.0,3.96
2015-02-08,Telangana,22.55,58.79,0.0,4.0
2015-02-09,Telangana,23.08,53.51,0.0,4.06
2015-02-10,Telangana,22.84,57.34,0.0,3.53
2015-02-11,Telangana,23.21,55.3,0.0,3.06
2015-02-12,Telangana,23.62,47.98,0.0,2.87
2015-02-13,Telangana,24.41,44.15,0.0,2.44
2015-02-14,Telangana,24.21,26.97,0.0,3.17
2015-02-15,Telangana,25.51,18.47,0.0,1.98
2015-02-16,Telangana,25.0,27.19,0.0,2.41
2015-02-17,Telangana,25.65,26.32,0.0,2.33
2015-02-18,Telangana,25.35,34.73,0.0,2.75
2015-02-19,Telangana,24.98,46.18,0.0,2.99
2015-02-20,Telangana,25.59,45.41,0.0,3.31
2015-02-21,Telangana,25.4,41.25,0.0,2.67
2015-02-22,Telangana,26.09,26.61,0.0,2.8
2015-02-23,Telangana,25.85,31.03,0.0,2.62
2015-02-24,Telangana,25.28,33.65,0.0,3.1
2015-02-25,Telangana,25.59,30.07,0.0,2.82
2015-02-26,Telangana,25.65,27.05,0.0,3.61
2015-02-27,Telangana,25.66,32.69,0.0,3.4
2015-02-28,Telangana,25.76,50.35,2.1,4.22
2015-03-01,Telangana,25.25,56.25,4.8,5.7
2015-03-02,Telangana,25.19,66.69,5.47,3.6
2015-03-03,Telangana,25.32,55.11,0.0,2.73
2015-03-04,Telangana,24.42,40.43,0.0,2.48
2015-03-05,Telangana,25.65,43.33,0.0,2.44
2015-03-06,Telangana,26.97,53.79,0.74,2.09
2015-03-07,Telangana,27.56,49.32,0.3,1.82
2015-03-08,Telangana,27.56,52.42,1.81,3.41
2015-03-09,Telangana,25.67,63.13,4.93,2.33
2015-03-10,Telangana,26.14,56.65,0.0,2.44
2015-03-11,Telangana,26.31,44.3,0.0,3.07
2015-03-12,Telangana,25.98,48.05,0.0,3.44
2015-03-13,Telangana,26.65,43.78,0.0,3.11
2015-03-14,Telangana,26.77,41.35,0.0,4.38
2015-03-15,Telangana,26.81,42.65,0.0,5.06
2015-03-16,Telangana,27.81,40.61,0.0,3.35
2015-03-17,Telangana,28.8,38.96,0.0,1.93
2015-03-18,Telangana,29.75,31.3,0.0,1.64
2015-03-19,Telangana,29.54,31.64,0.0,2.76
2015-03-20,Telangana,27.8,33.73,0.0,2.17
2015-03-21,Telangana,29.11,30.7,0.0,2.63
2015-03-22,Telangana,30.29,26.46,0.0,2.18
2015-03-23,Telangana,30.6,25.85,0.0,2.35
2015-03-24,Telangana,31.24,24.64,0.0,2.38
2015-03-25,Telangana,29.88,37.39,0.0,3.01
2015-03-26,Telangana,30.09,40.97,0.0,3.53
2015-03-27,Telangana,29.48,41.68,0.0,3.62
2015-03-28,Telangana,29.39,36.64,0.0,4.01
2015-03-29,Telangana,30.09,39.21,0.0,3.24
2015-03-30,Telangana,28.09,41.89,0.47,2.92
2015-03-31,Telangana,27.77,51.54,0.54,2.66
2015-04-01,Telangana,30.41,40.66,0.0,2.54
2015-04-02,Telangana,31.19,41.21,0.0,3.31
2015-04-03,Telangana,31.69,25.48,0.0,3.13
2015-04-04,Telangana,31.82,21.1,0.0,1.91
2015-04-05,Telangana,31.13,28.71,0.0,2.2
2015-04-06,Telangana,31.72,39.95,0.26,3.95
2015-04-07,Telangana,31.13,45.9,3.07,5.16
2015-04-08,Telangana,30.53,44.52,0.21,4.7
2015-04-09,Telangana,29.16,46.3,0.02,2.8
2015-04-10,Telangana,30.48,41.18,1.75,2.57
2015-04-11,Telangana,28.93,43.91,1.02,2.75
2015-04-12,Telangana,25.62,59.78,8.95,1.6
2015-04-13,Telangana,23.28,76.14,42.82,2.77
2015-04-14,Telangana,25.09,58.79,0.66,2.66
2015-04-15,Telangana,25.43,62.89,1.79,3.42
2015-04-16,Telangana,26.48,61.55,0.08,2.56
2015-04-17,Telangana,27.83,56.57,0.0,1.98
2015-04-18,Telangana,29.89,41.97,0.0,2.01
2015-04-19,Telangana,29.95,45.88,0.0,2.8
2015-04-20,Telangana,30.24,47.93,0.0,2.87
2015-04-21,Telangana,30.33,48.59,0.0,3.0
2015-04-22,Telangana,31.63,46.16,0.23,2.54
2015-04-23,Telangana,31.24,48.78,1.71,2.46
2015-04-24,Telangana,30.57,51.56,4.0,3.38
2015-04-25,Telangana,30.26,51.19,0.0,3.29
2015-04-26,Telangana,29.5,53.59,0.43,4.28
2015-04-27,Telangana,30.28,51.61,0.1,3.08
2015-04-28,Telangana,31.6,44.33,0.0,3.43
2015-04-29,Telangana,32.37,38.9,0.0,3.08
2015-04-30,Telangana,32.85,36.94,0.0,3.71
2015-05-01,Telangana,32.53,33.02,0.0,2.84
2015-05-02,Telangana,32.69,41.27,0.01,3.13
2015-05-03,Telangana,32.3,43.66,0.27,3.77
2015-05-04,Telangana,31.81,47.8,0.04,4.39
2015-05-05,Telangana,31.94,41.85,0.12,3.09
2015-05-06,Telangana,32.38,40.0,0.0,3.07
2015-05-07,Telangana,33.3,36.19,0.0,3.07
2015-05-08,Telangana,33.1,33.69,0.0,2.62
2015-05-09,Telangana,32.88,33.74,0.0,2.94
2015-05-10,Telangana,31.34,39.85,0.02,2.64
2015-05-11,Telangana,31.29,40.72,0.0,3.61
2015-05-12,Telangana,31.82,29.13,0.0,2.43
2015-05-13,Telangana,32.71,32.41,0.11,3.77
2015-05-14,Telangana,32.14,37.02,0.04,2.7
2015-05-15,Telangana,31.88,43.9,5.15,3.43
2015-05-16,Telangana,30.36,54.39,0.73,2.25
2015-05-17,Telangana,31.52,50.46,0.0,3.34
2015-05-18,Telangana,33.44,44.24,0.0,3.58
2015-05-19,Telangana,35.22,35.46,0.0,4.46
2015-05-20,Telangana,36.22,27.54,0.0,6.36
2015-05-21,Telangana,36.98,23.36,0.0,3.78
2015-05-22,Telangana,36.52,23.91,0.0,5.3
2015-05-23,Telangana,35.91,27.08,0.0,5.58
2015-05-24,Telangana,35.11,27.63,0.01,6.39
2015-05-25,Telangana,35.67,24.52,0.0,6.4
2015-05-26,Telangana,35.67,24.36,0.0,6.47
2015-05-27,Telangana,35.56,27.36,0.0,6.1
2015-05-28,Telangana,34.43,38.06,0.31,3.3
2015-05-29,Telangana,35.22,29.98,0.16,4.52
2015-05-30,Telangana,33.41,36.29,0.13,4.52
2015-05-31,Telangana,33.69,34.18,0.13,4.0
2015-06-01,Telangana,32.77,40.54,0.39,4.72
2015-06-02,Telangana,32.66,40.27,0.82,4.25
2015-06-03,Telangana,32.26,45.38,0.56,3.77
2015-06-04,Telangana,31.58,48.52,2.85,3.05
2015-06-05,Telangana,29.44,59.76,3.41,2.91
2015-06-06,Telangana,29.95,58.07,9.61,3.4
2015-06-07,Telangana,28.14,69.0,4.71,3.98
2015-06-08,Telangana,27.82,68.85,2.02,3.77
2015-06-09,Telangana,27.45,66.7,0.03,3.09
2015-06-10,Telangana,30.56,55.93,0.0,4.66
2015-06-11,Telangana,29.06,62.93,0.75,4.41
2015-06-12,Telangana,27.53,71.15,13.94,3.2
2015-06-13,Telangana,27.65,69.69,5.91,4.87
2015-06-14,Telangana,26.4,76.25,4.19,4.0
2015-06-15,Telangana,27.04,71.51,2.07,4.24
2015-06-16,Telangana,26.36,69.36,4.07,6.09
2015-06-17,Telangana,26.25,74.1,1.75,5.55
2015-06-18,Telangana,26.51,68.8,2.14,7.13
2015-06-19,Telangana,26.96,65.33,1.19,9.72
2015-06-20,Telangana,25.05,75.47,21.51,10.53
2015-06-21,Telangana,25.88,74.16,6.86,10.69
2015-06-22,Telangana,26.73,67.05,0.51,10.47
2015-06-23,Telangana,27.83,66.64,0.01,8.39
2015-06-24,Telangana,28.68,64.91,0.01,8.95
2015-06-25,Telangana,29.46,59.66,0.0,9.59
2015-06-26,Telangana,29.3,60.5,1.0,8.14
2015-06-27,Telangana,28.86,63.42,1.22,6.85
2015-06-28,Telangana,29.48,60.53,0.45,4.67
2015-06-29,Telangana,29.2,61.43,0.09,3.44
2015-06-30,Telangana,29.8,58.37,0.34,3.96
2015-07-01,Telangana,28.66,62.01,1.42,3.65
2015-07-02,Telangana,28.45,65.81,0.87,3.33
2015-07-03,Telangana,28.51,61.49,0.03,4.27
2015-07-04,Telangana,29.58,54.91,0.0,6.16
2015-07-05,Telangana,30.07,53.41,0.0,6.91
2015-07-06,Telangana,30.02,50.05,0.0,7.89
2015-07-07,Telangana,29.75,52.74,0.0,6.83
2015-07-08,Telangana,29.85,55.37,0.0,6.87
2015-07-09,Telangana,30.16,53.38,0.0,7.79
2015-07-10,Telangana,29.15,56.78,0.08,7.2
2015-07-11,Telangana,29.72,55.39,0.36,6.48
2015-07-12,Telangana,30.72,53.46,0.22,4.29
2015-07-13,Telangana,29.24,60.11,0.03,4.0
2015-07-14,Telangana,27.84,70.12,19.42,4.06
2015-07-15,Telangana,26.23,77.81,2.46,4.78
2015-07-16,Telangana,28.6,61.27,0.04,5.56
2015-07-17,Telangana,28.94,60.33,0.85,6.72
2015-07-18,Telangana,28.95,64.22,1.19,5.74
2015-07-19,Telangana,28.02,66.25,2.13,6.68
2015-07-20,Telangana,28.12,62.94,1.44,6.8
2015-07-21,Telangana,28.14,65.28,1.29,5.93
2015-07-22,Telangana,27.99,69.35,3.46,5.59
2015-07-23,Telangana,27.48,69.8,4.02,5.31
2015-07-24,Telangana,27.64,70.01,2.56,4.71
2015-07-25,Telangana,27.72,62.47,1.46,6.19
2015-07-26,Telangana,27.27,66.36,0.35,5.94
2015-07-27,Telangana,28.17,61.11,0.41,5.64
2015-07-28,Telangana,28.83,55.06,0.15,6.23
2015-07-29,Telangana,28.8,56.22,0.07,6.61
2015-07-30,Telangana,28.79,57.16,0.23,5.88
2015-07-31,Telangana,28.54,60.83,0.69,4.99
2015-08-01,Telangana,28.36,61.6,0.29,4.22
2015-08-02,Telangana,28.02,64.4,0.99,3.89
2015-08-03,Telangana,28.53,61.45,1.03,4.56
2015-08-04,Telangana,27.71,62.99,1.06,5.97
2015-08-05,Telangana,28.05,59.16,0.53,6.57
2015-08-06,Telangana,27.65,63.47,2.16,5.22
2015-08-07,Telangana,28.68,61.19,0.73,4.74
2015-08-08,Telangana,27.4,72.23,2.21,4.09
2015-08-09,Telangana,27.71,70.07,1.2,4.64
2015-08-10,Telangana,28.0,73.09,6.93,3.5
2015-08-11,Telangana,25.67,83.04,5.57,5.08
2015-08-12,Telangana,24.99,82.88,16.13,5.32
2015-08-13,Telangana,25.23,77.78,1.58,5.95
2015-08-14,Telangana,28.04,65.06,0.16,4.94
2015-08-15,Telangana,28.17,69.89,8.92,4.14
2015-08-16,Telangana,26.55,79.36,6.89,3.11
2015-08-17,Telangana,26.61,74.16,0.19,2.32
2015-08-18,Telangana,27.0,73.95,0.72,2.87
2015-08-19,Telangana,27.91,73.89,9.36,2.51
2015-08-20,Telangana,27.36,72.81,4.22,1.83
2015-08-21,Telangana,26.33,75.68,2.4,4.26
2015-08-22,Telangana,26.45,70.36,0.44,4.97
2015-08-23,Telangana,27.19,67.64,0.18,4.47
2015-08-24,Telangana,27.43,65.23,0.0,4.46
2015-08-25,Telangana,27.67,64.91,0.16,4.44
2015-08-26,Telangana,27.23,68.75,0.17,3.61
2015-08-27,Telangana,26.51,73.82,0.62,3.69
2015-08-28,Telangana,25.97,77.78,1.98,4.26
2015-08-29,Telangana,26.99,72.0,2.13,5.06
2015-08-30,Telangana,27.54,71.61,0.85,4.19
2015-08-31,Telangana,26.79,72.95,0.76,4.26
2015-09-01,Telangana,27.67,64.68,0.24,3.64
2015-09-02,Telangana,28.35,61.76,0.4,2.52
2015-09-03,Telangana,28.9,61.43,0.58,1.79
2015-09-04,Telangana,27.46,71.64,2.27,2.23
2015-09-05,Telangana,26.99,72.45,1.54,1.4
2015-09-06,Telangana,27.02,73.88,4.27,3.28
2015-09-07,Telangana,27.26,70.32,4.06,2.8
2015-09-08,Telangana,26.71,74.34,6.48,2.58
2015-09-09,Telangana,26.46,77.07,21.5,1.35
2015-09-10,Telangana,25.85,80.75,7.7,1.75
2015-09-11,Telangana,26.69,73.55,7.29,2.6
2015-09-12,Telangana,25.5,78.25,7.88,3.18
2015-09-13,Telangana,24.76,81.03,2.81,4.2
2015-09-14,Telangana,24.87,84.2,5.03,4.48
2015-09-15,Telangana,25.11,85.38,2.86,3.63
2015-09-16,Telangana,25.32,84.41,4.53,5.08
2015-09-17,Telangana,25.69,82.79,7.82,5.86
2015-09-18,Telangana,26.48,80.28,6.0,4.13
2015-09-19,Telangana,26.38,78.12,3.51,2.79
2015-09-20,Telangana,25.73,77.25,0.02,2.94
2015-09-21,Telangana,26.03,73.81,0.0,3.4
2015-09-22,Telangana,26.54,68.78,0.0,3.24
2015-09-23,Telangana,27.75,65.4,1.26,1.58
2015-09-24,Telangana,27.65,73.4,1.35,1.26
2015-09-25,Telangana,26.63,79.54,5.63,1.34
2015-09-26,Telangana,25.71,83.54,2.99,1.64
2015-09-27,Telangana,25.39,67.0,0.04,3.15
2015-09-28,Telangana,25.72,66.01,0.0,3.35
2015-09-29,Telangana,26.33,71.36,0.23,2.34
2015-09-30,Telangana,25.38,79.16,0.69,2.43
2015-10-01,Telangana,25.21,79.87,1.44,3.19
2015-10-02,Telangana,26.39,73.84,0.46,2.59
2015-10-03,Telangana,27.33,71.58,2.7,2.0
2015-10-04,Telangana,26.45,77.26,3.72,1.94
2015-10-05,Telangana,26.39,74.47,0.63,2.26
2015-10-06,Telangana,26.49,61.53,0.0,2.96
2015-10-07,Telangana,25.96,55.3,0.0,2.48
2015-10-08,Telangana,26.92,54.21,0.0,1.5
2015-10-09,Telangana,27.44,56.68,0.0,2.09
2015-10-10,Telangana,28.14,61.5,0.0,1.91
2015-10-11,Telangana,28.35,59.88,0.04,1.79
2015-10-12,Telangana,27.79,53.98,0.0,2.26
2015-10-13,Telangana,27.33,52.9,0.0,2.23
2015-10-14,Telangana,28.03,49.52,0.0,2.27
2015-10-15,Telangana,28.11,56.6,0.0,2.58
2015-10-16,Telangana,27.48,62.78,0.0,2.41
2015-10-17,Telangana,27.18,65.8,0.0,2.57
2015-10-18,Telangana,27.45,64.55,0.01,2.25
2015-10-19,Telangana,26.95,59.13,0.0,2.62
2015-10-20,Telangana,26.75,53.93,0.0,2.79
2015-10-21,Telangana,26.59,55.58,0.0,3.01
2015-10-22,Telangana,27.28,55.14,0.0,3.03
2015-10-23,Telangana,27.11,56.05,0.0,2.87
2015-10-24,Telangana,27.08,55.95,0.0,2.99
2015-10-25,Telangana,26.68,58.79,0.0,3.52
2015-10-26,Telangana,26.26,59.53,0.0,3.09
2015-10-27,Telangana,25.57,55.23,0.0,3.22
2015-10-28,Telangana,25.57,54.7,0.07,3.08
2015-10-29,Telangana,26.51,67.3,0.0,3.1
2015-10-30,Telangana,26.42,65.62,0.02,2.75
2015-10-31,Telangana,26.66,61.64,0.01,4.49
2015-11-01,Telangana,26.7,64.62,0.0,3.35
2015-11-02,Telangana,26.78,62.24,0.0,1.82
2015-11-03,Telangana,26.82,60.85,0.6,2.29
2015-11-04,Telangana,26.78,58.27,0.03,2.23
2015-11-05,Telangana,26.68,56.13,0.0,2.71
2015-11-06,Telangana,26.1,51.96,0.0,3.2
2015-11-07,Telangana,25.84,53.69,0.0,3.33
2015-11-08,Telangana,26.06,52.73,0.0,3.7
2015-11-09,Telangana,25.35,55.34,0.03,4.11
2015-11-10,Telangana,25.06,55.91,0.08,5.02
2015-11-11,Telangana,25.42,53.94,0.0,4.56
2015-11-12,Telangana,24.98,52.57,0.0,3.54
2015-11-13,Telangana,24.24,48.58,0.0,3.52
2015-11-14,Telangana,24.71,49.45,0.0,3.11
2015-11-15,Telangana,25.4,48.87,0.0,3.42
2015-11-16,Telangana,23.02,57.32,0.17,3.74
2015-11-17,Telangana,24.17,62.5,1.25,4.32
2015-11-18,Telangana,25.4,64.36,0.04,5.19
2015-11-19,Telangana,24.69,66.98,0.33,5.42
2015-11-20,Telangana,24.35,74.54,0.79,4.13
2015-11-21,Telangana,25.48,65.6,0.02,3.41
2015-11-22,Telangana,25.78,62.45,0.01,3.73
2015-11-23,Telangana,25.45,64.4,0.02,3.64
2015-11-24,Telangana,25.46,64.06,0.0,3.01
2015-11-25,Telangana,24.4,63.58,0.0,2.83
2015-11-26,Telangana,24.0,60.97,0.0,2.35
2015-11-27,Telangana,24.54,58.27,0.0,3.22
2015-11-28,Telangana,24.3,64.31,0.0,4.21
2015-11-29,Telangana,24.18,61.57,0.08,4.43
2015-11-30,Telangana,23.84,64.19,0.33,2.93
2015-12-01,Telangana,24.67,67.86,0.2,3.25
2015-12-02,Telangana,24.1,68.82,0.07,3.29
2015-12-03,Telangana,25.28,57.02,0.01,3.07
2015-12-04,Telangana,24.47,57.94,0.0,2.88
2015-12-05,Telangana,24.06,60.5,0.0,3.15
2015-12-06,Telangana,23.3,59.85,0.0,2.91
2015-12-07,Telangana,23.0,57.7,0.0,2.75
2015-12-08,Telangana,22.78,50.57,0.0,2.74
2015-12-09,Telangana,22.56,54.93,0.0,2.63
2015-12-10,Telangana,23.37,54.03,0.0,2.44
2015-12-11,Telangana,25.11,55.7,0.0,3.06
2015-12-12,Telangana,27.07,56.92,0.0,2.06
2015-12-13,Telangana,27.02,56.33,0.0,3.13
2015-12-14,Telangana,26.23,51.34,0.0,2.93
2015-12-15,Telangana,26.07,45.93,0.0,2.83
2015-12-16,Telangana,25.53,49.86,0.0,3.34
2015-12-17,Telangana,24.82,53.88,0.0,4.01
2015-12-18,Telangana,24.91,56.03,0.0,2.37
2015-12-19,Telangana,25.25,54.88,0.0,2.17
2015-12-20,Telangana,25.07,55.45,0.0,3.2
2015-12-21,Telangana,25.53,51.27,0.0,3.06
2015-12-22,Telangana,25.13,47.69,0.0,2.3
2015-12-23,Telangana,24.9,57.34,0.0,2.09
2015-12-24,Telangana,23.54,36.09,0.0,3.12
2015-12-25,Telangana,19.88,20.06,0.0,4.4
2015-12-26,Telangana,19.55,28.9,0.0,3.34
2015-12-27,Telangana,19.95,25.84,0.0,3.71
2015-12-28,Telangana,21.85,31.65,0.0,3.15
2015-12-29,Telangana,23.55,24.66,0.0,2.93
2015-12-30,Telangana,23.98,26.07,0.0,2.85
2015-12-31,Telangana,22.79,44.26,0.0,2.97
2016-01-01,Telangana,22.66,53.26,0.0,3.03
2016-01-02,Telangana,22.96,49.46,0.0,2.06
2016-01-03,Telangana,22.81,39.5,0.0,2.3
2016-01-04,Telangana,22.2,43.06,0.0,2.36
2016-01-05,Telangana,22.18,46.57,0.0,2.35
2016-01-06,Telangana,22.37,50.3,0.0,2.47
2016-01-07,Telangana,21.91,53.11,0.0,3.03
2016-01-08,Telangana,21.82,50.28,0.0,2.35
2016-01-09,Telangana,22.87,36.72,0.0,2.08
2016-01-10,Telangana,22.43,39.26,0.0,2.39
2016-01-11,Telangana,22.69,33.23,0.0,2.04
2016-01-12,Telangana,22.63,31.07,0.0,2.04
2016-01-13,Telangana,22.11,39.38,0.0,2.55
2016-01-14,Telangana,22.42,52.44,0.0,2.93
2016-01-15,Telangana,22.35,60.27,0.0,3.41
2016-01-16,Telangana,23.1,52.57,0.0,2.91
2016-01-17,Telangana,23.33,49.59,0.0,4.24
2016-01-18,Telangana,23.19,54.01,0.0,4.15
2016-01-19,Telangana,22.09,70.27,1.54,3.67
2016-01-20,Telangana,23.25,56.27,0.24,1.79
2016-01-21,Telangana,21.07,31.9,0.0,3.82
2016-01-22,Telangana,20.63,24.19,0.0,3.24
2016-01-23,Telangana,20.31,21.62,0.0,2.92
2016-01-24,Telangana,21.56,25.3,0.0,1.87
2016-01-25,Telangana,23.37,56.01,0.0,2.8
2016-01-26,Telangana,24.38,58.15,0.0,2.93
2016-01-27,Telangana,24.62,48.82,0.0,2.6
2016-01-28,Telangana,24.21,22.32,0.0,2.2
2016-01-29,Telangana,24.28,26.37,0.0,2.63
2016-01-30,Telangana,24.26,24.55,0.0,2.82
2016-01-31,Telangana,26.1,20.21,0.0,2.07
2016-02-01,Telangana,25.73,25.88,0.0,2.01
2016-02-02,Telangana,26.66,26.73,0.0,1.78
2016-02-03,Telangana,25.92,23.68,0.0,2.59
2016-02-04,Telangana,24.69,23.2,0.0,2.64
2016-02-05,Telangana,24.1,46.94,0.0,2.9
2016-02-06,Telangana,24.96,54.55,0.0,4.32
2016-02-07,Telangana,26.1,54.66,0.0,3.41
2016-02-08,Telangana,26.29,54.14,0.0,2.77
2016-02-09,Telangana,26.61,50.34,0.0,2.32
2016-02-10,Telangana,26.83,45.8,0.0,3.2
2016-02-11,Telangana,27.08,44.38,0.0,3.43
2016-02-12,Telangana,28.18,37.69,0.0,2.27
2016-02-13,Telangana,27.81,43.37,0.0,3.04
2016-02-14,Telangana,27.1,47.43,0.0,4.0
2016-02-15,Telangana,25.83,45.96,0.0,4.68
2016-02-16,Telangana,25.15,51.84,0.0,4.79
2016-02-17,Telangana,24.75,46.44,0.0,5.45
2016-02-18,Telangana,25.04,45.34,0.0,3.95
2016-02-19,Telangana,25.61,32.27,0.0,3.57
2016-02-20,Telangana,26.84,31.97,0.0,2.78
2016-02-21,Telangana,28.74,34.42,0.0,2.04
2016-02-22,Telangana,30.19,28.15,0.0,2.02
2016-02-23,Telangana,29.54,36.89,0.0,4.18
2016-02-24,Telangana,29.21,36.14,0.0,4.36
2016-02-25,Telangana,28.71,45.1,0.0,4.75
2016-02-26,Telangana,27.99,55.79,0.0,5.12
2016-02-27,Telangana,26.85,47.98,0.03,4.11
2016-02-28,Telangana,26.58,55.4,0.0,3.75
2016-02-29,Telangana,27.41,52.73,0.79,3.54
2016-03-01,Telangana,25.54,59.29,0.06,2.05
2016-03-02,Telangana,27.58,49.76,0.15,2.35
2016-03-03,Telangana,28.3,47.01,0.0,2.75
2016-03-04,Telangana,28.1,42.99,0.0,2.53
2016-03-05,Telangana,28.7,39.54,0.0,3.08
2016-03-06,Telangana,29.4,35.2,0.0,3.74
2016-03-07,Telangana,27.87,38.91,0.0,4.56
2016-03-08,Telangana,27.85,36.73,0.0,3.91
2016-03-09,Telangana,27.86,38.03,0.0,3.92
2016-03-10,Telangana,29.66,35.11,0.0,3.08
2016-03-11,Telangana,29.61,35.94,0.0,3.02
2016-03-12,Telangana,29.82,34.86,0.0,4.75
2016-03-13,Telangana,30.27,42.95,0.0,3.31
2016-03-14,Telangana,29.9,49.48,0.0,2.6
2016-03-15,Telangana,29.32,51.47,0.02,3.68
2016-03-16,Telangana,30.15,42.75,0.0,2.78
2016-03-17,Telangana,30.02,38.85,0.0,3.75
2016-03-18,Telangana,31.3,33.26,0.0,2.49
2016-03-19,Telangana,31.56,33.53,0.0,2.12
2016-03-20,Telangana,31.68,24.58,0.0,2.64
2016-03-21,Telangana,31.32,18.7,0.0,3.8
2016-03-22,Telangana,30.79,12.01,0.0,2.71
2016-03-23,Telangana,30.47,19.38,0.0,3.11
2016-03-24,Telangana,30.94,39.95,0.0,3.3
2016-03-25,Telangana,30.85,41.07,0.0,3.52
2016-03-26,Telangana,30.98,41.26,0.0,3.25
2016-03-27,Telangana,31.07,35.75,0.0,4.28
2016-03-28,Telangana,29.16,45.0,0.0,4.15
2016-03-29,Telangana,30.7,39.14,0.0,3.1
2016-03-30,Telangana,31.89,39.12,0.0,3.48
2016-03-31,Telangana,31.95,38.11,0.0,3.22
2016-04-01,Telangana,32.56,30.7,0.0,2.24
2016-04-02,Telangana,32.58,32.24,0.0,2.93
2016-04-03,Telangana,33.11,33.36,0.01,3.61
2016-04-04,Telangana,33.38,29.99,0.0,3.97
2016-04-05,Telangana,32.27,26.79,0.06,2.45
2016-04-06,Telangana,31.48,23.07,0.09,3.5
2016-04-07,Telangana,31.86,24.82,0.0,3.35
2016-04-08,Telangana,31.48,37.54,0.0,4.72
2016-04-09,Telangana,31.32,40.12,0.0,5.07
2016-04-10,Telangana,31.3,39.74,0.05,4.18
2016-04-11,Telangana,32.84,30.52,0.0,3.39
2016-04-12,Telangana,33.92,20.72,0.0,2.38
2016-04-13,Telangana,33.84,29.8,0.0,3.11
2016-04-14,Telangana,34.58,29.83,0.0,2.72
2016-04-15,Telangana,34.93,35.61,0.0,4.37
2016-04-16,Telangana,34.69,33.99,0.0,4.02
2016-04-17,Telangana,34.39,36.26,2.04,4.46
2016-04-18,Telangana,33.07,36.65,0.47,3.82
2016-04-19,Telangana,32.3,39.03,0.0,4.35
2016-04-20,Telangana,32.91,33.43,0.0,4.07
2016-04-21,Telangana,34.23,34.61,0.0,3.11
2016-04-22,Telangana,35.2,25.84,0.0,3.55
2016-04-23,Telangana,34.93,18.67,0.0,4.13
2016-04-24,Telangana,34.74,18.75,0.0,3.49
2016-04-25,Telangana,34.55,22.38,0.0,2.61
2016-04-26,Telangana,34.43,41.75,0.1,4.7
2016-04-27,Telangana,33.81,35.09,0.1,3.96
2016-04-28,Telangana,34.08,31.16,0.16,3.58
2016-04-29,Telangana,33.29,26.32,0.12,2.87
2016-04-30,Telangana,34.6,28.96,1.3,3.27
2016-05-01,Telangana,34.92,28.57,0.4,3.51
2016-05-02,Telangana,35.3,28.71,0.6,3.26
2016-05-03,Telangana,35.55,29.02,0.46,3.84
2016-05-04,Telangana,33.54,37.42,5.34,4.73
2016-05-05,Telangana,29.54,56.17,7.88,3.97
2016-05-06,Telangana,27.86,68.12,27.3,3.18
2016-05-07,Telangana,29.81,57.08,3.85,1.89
2016-05-08,Telangana,29.94,56.29,1.68,3.55
2016-05-09,Telangana,30.33,53.03,1.21,2.4
2016-05-10,Telangana,29.76,58.4,8.35,1.78
2016-05-11,Telangana,30.83,52.6,0.0,2.37
2016-05-12,Telangana,32.25,47.34,0.02,2.43
2016-05-13,Telangana,32.66,46.68,0.02,3.24
2016-05-14,Telangana,32.96,46.51,0.02,3.56
2016-05-15,Telangana,32.04,48.78,0.16,4.21
2016-05-16,Telangana,31.93,48.34,0.0,4.47
2016-05-17,Telangana,30.24,56.1,0.0,4.56
2016-05-18,Telangana,30.2,55.68,0.32,4.01
2016-05-19,Telangana,31.61,46.31,0.31,3.83
2016-05-20,Telangana,33.27,46.98,3.39,5.72
2016-05-21,Telangana,33.82,37.25,0.76,7.47
2016-05-22,Telangana,34.51,32.2,0.0,6.51
2016-05-23,Telangana,34.44,33.2,0.0,7.08
2016-05-24,Telangana,35.14,32.42,0.0,5.84
2016-05-25,Telangana,34.34,31.8,3.41,6.52
2016-05-26,Telangana,34.16,38.29,0.04,5.27
2016-05-27,Telangana,34.82,37.83,0.18,5.41
2016-05-28,Telangana,35.4,34.72,0.89,5.35
2016-05-29,Telangana,33.76,39.02,1.26,5.76
2016-05-30,Telangana,31.1,47.16,0.14,4.67
2016-05-31,Telangana,33.68,41.25,0.67,5.15
2016-06-01,Telangana,34.29,38.74,1.93,4.54
2016-06-02,Telangana,32.87,47.87,3.69,4.81
2016-06-03,Telangana,30.9,58.4,10.64,4.43
2016-06-04,Telangana,28.8,68.3,2.93,4.8
2016-06-05,Telangana,27.63,74.81,7.59,3.29
2016-06-06,Telangana,27.5,73.69,6.86,2.98
2016-06-07,Telangana,28.01,72.27,6.24,3.83
2016-06-08,Telangana,27.2,74.03,5.23,4.49
2016-06-09,Telangana,28.52,64.11,0.07,4.02
2016-06-10,Telangana,29.71,59.21,0.09,3.21
2016-06-11,Telangana,29.56,59.67,0.49,5.76
2016-06-12,Telangana,29.28,60.78,2.23,5.93
2016-06-13,Telangana,27.23,69.32,1.07,6.04
2016-06-14,Telangana,30.38,54.41,0.0,6.86
2016-06-15,Telangana,30.73,53.18,0.0,7.81
2016-06-16,Telangana,30.21,53.05,0.0,6.19
2016-06-17,Telangana,29.56,55.36,0.58,5.45
2016-06-18,Telangana,25.5,74.61,5.54,4.16
2016-06-19,Telangana,27.46,74.99,4.5,2.66
2016-06-20,Telangana,27.47,72.7,0.83,3.69
2016-06-21,Telangana,27.72,66.72,1.15,3.81
2016-06-22,Telangana,28.51,66.18,0.85,2.6
2016-06-23,Telangana,29.13,63.75,0.73,4.02
2016-06-24,Telangana,27.58,67.28,3.1,5.22
2016-06-25,Telangana,26.27,76.25,19.7,5.35
2016-06-26,Telangana,25.69,75.91,5.01,5.49
2016-06-27,Telangana,25.63,76.5,6.59,5.3
2016-06-28,Telangana,25.05,80.36,14.32,7.72
2016-06-29,Telangana,25.86,79.47,11.11,6.93
2016-06-30,Telangana,25.7,80.95,8.39,7.19
2016-07-01,Telangana,25.85,78.51,0.94,6.31
2016-07-02,Telangana,27.14,75.27,1.3,6.53
2016-07-03,Telangana,27.27,72.43,0.49,7.39
2016-07-04,Telangana,27.74,70.53,2.74,7.35
2016-07-05,Telangana,26.64,77.02,5.13,7.45
2016-07-06,Telangana,27.32,71.46,1.58,7.27
2016-07-07,Telangana,26.55,74.44,0.55,7.16
2016-07-08,Telangana,26.28,72.82,0.88,8.57
2016-07-09,Telangana,24.94,79.27,7.25,9.58
2016-07-10,Telangana,25.39,76.7,8.74,10.66
2016-07-11,Telangana,26.0,76.62,3.66,10.65
2016-07-12,Telangana,27.4,71.37,2.01,7.64
2016-07-13,Telangana,27.75,68.61,0.07,6.56
2016-07-14,Telangana,27.59,67.41,0.0,5.56
2016-07-15,Telangana,27.26,69.96,2.99,4.95
2016-07-16,Telangana,27.7,67.73,0.52,4.01
2016-07-17,Telangana,27.15,67.22,0.01,3.2
2016-07-18,Telangana,25.98,75.71,14.23,3.34
2016-07-19,Telangana,24.64,81.21,5.54,4.54
2016-07-20,Telangana,25.75,78.21,5.11,4.53
2016-07-21,Telangana,25.21,83.82,9.58,4.07
2016-07-22,Telangana,25.11,82.68,5.32,4.24
2016-07-23,Telangana,25.12,80.38,1.07,3.9
2016-07-24,Telangana,25.82,77.94,1.13,3.41
2016-07-25,Telangana,26.54,77.78,22.67,3.34
2016-07-26,Telangana,25.5,82.9,16.03,2.87
2016-07-27,Telangana,25.59,82.86,5.19,3.64
2016-07-28,Telangana,26.04,80.7,1.7,2.34
2016-07-29,Telangana,25.28,84.41,6.79,3.04
2016-07-30,Telangana,25.09,84.18,7.42,3.66
2016-07-31,Telangana,24.76,85.05,6.94,5.09
2016-08-01,Telangana,24.88,84.52,1.84,7.35
2016-08-02,Telangana,24.36,82.67,1.93,8.97
2016-08-03,Telangana,24.71,81.63,3.78,8.11
2016-08-04,Telangana,24.97,82.41,2.36,7.3
2016-08-05,Telangana,26.35,77.37,2.28,7.57
2016-08-06,Telangana,26.18,77.06,0.67,7.51
2016-08-07,Telangana,26.39,74.43,0.03,6.52
2016-08-08,Telangana,26.28,74.18,0.49,6.25
2016-08-09,Telangana,25.61,77.55,0.69,6.0
2016-08-10,Telangana,26.44,74.51,0.05,6.06
2016-08-11,Telangana,26.43,74.2,0.25,5.46
2016-08-12,Telangana,26.19,75.44,0.57,4.86
2016-08-13,Telangana,26.84,75.55,1.58,5.15
2016-08-14,Telangana,25.77,76.66,1.04,6.05
2016-08-15,Telangana,25.87,73.78,0.09,6.33
2016-08-16,Telangana,26.64,70.06,0.0,7.34
2016-08-17,Telangana,26.4,71.38,0.0,6.72
2016-08-18,Telangana,26.84,68.96,0.03,5.63
2016-08-19,Telangana,26.95,66.67,0.0,5.37
2016-08-20,Telangana,27.43,63.33,0.0,4.77
2016-08-21,Telangana,27.83,63.69,0.1,4.33
2016-08-22,Telangana,27.03,67.59,0.1,4.26
2016-08-23,Telangana,27.89,67.42,0.46,4.4
2016-08-24,Telangana,27.88,69.58,1.0,3.55
2016-08-25,Telangana,26.19,79.4,3.53,3.54
2016-08-26,Telangana,26.45,74.98,1.91,2.8
2016-08-27,Telangana,27.08,73.15,10.18,2.51
2016-08-28,Telangana,26.75,76.09,6.86,2.57
2016-08-29,Telangana,27.14,75.94,0.56,2.26
2016-08-30,Telangana,26.55,82.15,5.16,2.13
2016-08-31,Telangana,24.83,90.78,33.42,2.67
2016-09-01,Telangana,23.83,88.35,4.13,3.73
2016-09-02,Telangana,24.81,83.31,2.96,4.19
2016-09-03,Telangana,23.7,84.4,2.08,4.27
2016-09-04,Telangana,24.12,83.07,0.88,4.13
2016-09-05,Telangana,24.66,73.09,0.01,4.69
2016-09-06,Telangana,24.66,70.16,0.0,4.66
2016-09-07,Telangana,24.54,70.09,0.0,4.64
2016-09-08,Telangana,25.11,71.11,0.01,3.77
2016-09-09,Telangana,25.47,74.65,0.07,3.99
2016-09-10,Telangana,24.38,82.63,9.93,4.51
2016-09-11,Telangana,24.5,84.33,6.91,4.31
2016-09-12,Telangana,23.76,85.59,12.54,5.77
2016-09-13,Telangana,23.52,90.11,14.02,4.98
2016-09-14,Telangana,24.5,90.62,18.08,3.67
2016-09-15,Telangana,25.08,87.34,9.44,2.33
2016-09-16,Telangana,25.61,85.29,9.86,1.69
2016-09-17,Telangana,25.34,82.71,2.86,4.44
2016-09-18,Telangana,24.29,82.84,2.12,4.89
2016-09-19,Telangana,24.72,82.83,3.76,4.81
2016-09-20,Telangana,24.27,88.52,15.49,4.08
2016-09-21,Telangana,25.13,88.51,16.59,3.21
2016-09-22,Telangana,24.52,92.22,46.17,4.76
2016-09-23,Telangana,24.93,89.47,31.27,4.15
2016-09-24,Telangana,25.01,90.44,27.95,2.64
2016-09-25,Telangana,25.18,88.73,12.11,3.58
2016-09-26,Telangana,24.78,90.3,5.33,3.79
2016-09-27,Telangana,24.47,91.14,2.45,3.75
2016-09-28,Telangana,24.83,85.58,0.5,3.7
2016-09-29,Telangana,25.18,83.21,0.1,3.95
2016-09-30,Telangana,24.35,87.78,3.62,4.19
2016-10-01,Telangana,24.38,89.34,11.9,4.29
2016-10-02,Telangana,24.55,85.77,1.34,3.65
2016-10-03,Telangana,24.49,84.25,0.05,3.12
2016-10-04,Telangana,24.52,82.55,0.13,3.15
2016-10-05,Telangana,24.51,83.33,0.05,4.13
2016-10-06,Telangana,24.56,83.31,0.0,4.34
2016-10-07,Telangana,24.19,86.27,9.62,3.44
2016-10-08,Telangana,24.25,88.96,11.99,4.05
2016-10-09,Telangana,23.96,89.68,6.48,4.27
2016-10-10,Telangana,24.46,84.98,0.14,4.15
2016-10-11,Telangana,24.7,83.86,0.0,3.66
2016-10-12,Telangana,24.03,80.62,0.0,2.96
2016-10-13,Telangana,23.1,77.92,0.0,3.02
2016-10-14,Telangana,21.72,72.77,0.0,3.06
2016-10-15,Telangana,21.73,71.68,0.0,2.37
2016-10-16,Telangana,22.12,73.0,0.0,2.68
2016-10-17,Telangana,21.8,71.49,0.0,2.97
2016-10-18,Telangana,21.1,72.46,0.0,3.15
2016-10-19,Telangana,21.34,70.47,0.0,3.0
2016-10-20,Telangana,21.98,68.5,0.0,2.45
2016-10-21,Telangana,21.27,70.16,0.0,3.06
2016-10-22,Telangana,20.9,68.91,0.0,3.03
2016-10-23,Telangana,21.47,67.9,0.0,2.77
2016-10-24,Telangana,21.5,72.31,0.0,2.74
2016-10-25,Telangana,21.49,73.6,0.0,3.17
2016-10-26,Telangana,21.17,75.92,0.0,3.2
2016-10-27,Telangana,20.79,75.12,0.0,4.08
2016-10-28,Telangana,21.01,76.1,0.0,3.26
2016-10-29,Telangana,20.66,88.69,0.0,2.25
2016-10-30,Telangana,23.11,85.51,0.03,2.9
2016-10-31,Telangana,22.87,83.87,1.42,3.03
2016-11-01,Telangana,21.94,81.08,0.03,3.59
2016-11-02,Telangana,21.93,77.73,0.0,3.08
2016-11-03,Telangana,22.11,76.62,0.0,3.25
2016-11-04,Telangana,22.14,79.87,0.0,3.72
2016-11-05,Telangana,22.31,77.68,0.0,3.4
2016-11-06,Telangana,22.35,78.83,0.0,2.89
2016-11-07,Telangana,20.47,63.6,0.0,3.37
2016-11-08,Telangana,20.26,58.17,0.0,2.79
2016-11-09,Telangana,19.57,61.08,0.0,2.55
2016-11-10,Telangana,19.19,58.29,0.0,2.46
2016-11-11,Telangana,18.99,59.91,0.0,2.18
2016-11-12,Telangana,19.13,65.09,0.0,2.43
2016-11-13,Telangana,21.02,68.76,0.0,1.98
2016-11-14,Telangana,22.47,74.45,0.0,1.81
2016-11-15,Telangana,22.84,76.9,0.0,2.01
2016-11-16,Telangana,21.99,78.39,0.0,2.81
2016-11-17,Telangana,21.17,76.64,0.0,3.4
2016-11-18,Telangana,19.31,65.54,0.0,3.45
2016-11-19,Telangana,18.44,65.24,0.0,2.88
2016-11-20,Telangana,20.1,60.18,0.0,2.1
2016-11-21,Telangana,20.36,57.01,0.0,2.3
2016-11-22,Telangana,19.97,57.17,0.0,2.64
2016-11-23,Telangana,20.26,54.03,0.0,2.44
2016-11-24,Telangana,19.83,55.61,0.0,2.55
2016-11-25,Telangana,19.47,57.74,0.0,3.02
2016-11-26,Telangana,20.0,52.55,0.0,3.01
2016-11-27,Telangana,20.65,49.91,0.0,3.54
2016-11-28,Telangana,20.9,50.33,0.0,3.35
2016-11-29,Telangana,21.31,50.35,0.0,2.57
2016-11-30,Telangana,20.96,55.36,0.0,2.48
2016-12-01,Telangana,20.81,60.54,0.0,2.84
2016-12-02,Telangana,22.16,64.75,0.0,3.07
2016-12-03,Telangana,22.54,74.79,0.0,3.15
2016-12-04,Telangana,23.27,72.95,0.07,3.17
2016-12-05,Telangana,21.48,62.04,0.02,2.79
2016-12-06,Telangana,20.1,62.96,0.0,2.69
2016-12-07,Telangana,19.98,60.4,0.0,2.12
2016-12-08,Telangana,19.33,54.1,0.0,3.24
2016-12-09,Telangana,18.55,49.17,0.0,3.24
2016-12-10,Telangana,18.08,54.32,0.0,3.87
2016-12-11,Telangana,19.25,54.73,0.0,4.03
2016-12-12,Telangana,21.25,49.01,0.0,4.58
2016-12-13,Telangana,22.22,66.12,0.24,4.11
2016-12-14,Telangana,22.41,77.37,0.5,3.58
2016-12-15,Telangana,22.42,65.63,0.0,2.61
2016-12-16,Telangana,22.46,65.48,0.0,2.46
2016-12-17,Telangana,21.01,50.48,0.0,2.96
2016-12-18,Telangana,19.86,47.03,0.0,3.29
2016-12-19,Telangana,19.26,49.06,0.0,2.97
2016-12-20,Telangana,19.3,43.56,0.0,2.7
2016-12-21,Telangana,20.01,38.88,0.0,2.6
2016-12-22,Telangana,19.97,39.13,0.0,3.28
2016-12-23,Telangana,19.1,38.76,0.0,3.43
2016-12-24,Telangana,20.31,34.15,0.0,2.68
2016-12-25,Telangana,20.36,47.2,0.0,2.17
2016-12-26,Telangana,20.76,48.4,0.0,2.7
2016-12-27,Telangana,19.02,39.12,0.0,3.35
2016-12-28,Telangana,19.05,47.64,0.0,2.75
2016-12-29,Telangana,20.31,47.83,0.0,2.28
2016-12-30,Telangana,20.88,52.23,0.0,2.23
2016-12-31,Telangana,20.81,60.88,0.0,2.48
2017-01-01,Telangana,20.92,56.83,0.0,2.21
2017-01-02,Telangana,21.28,53.13,0.0,2.05
2017-01-03,Telangana,20.38,48.11,0.0,2.73
2017-01-04,Telangana,19.15,42.13,0.0,2.92
2017-01-05,Telangana,19.21,41.88,0.0,3.1
2017-01-06,Telangana,20.26,36.69,0.0,2.28
2017-01-07,Telangana,20.7,53.63,0.0,2.66
2017-01-08,Telangana,21.16,59.66,0.0,2.96
2017-01-09,Telangana,21.81,57.74,0.0,3.1
2017-01-10,Telangana,21.49,47.49,0.0,2.21
2017-01-11,Telangana,20.18,40.66,0.0,2.8
2017-01-12,Telangana,19.02,39.37,0.0,2.51
2017-01-13,Telangana,19.58,38.28,0.0,2.61
2017-01-14,Telangana,19.72,42.84,0.0,2.71
2017-01-15,Telangana,20.66,51.1,0.0,2.78
2017-01-16,Telangana,21.13,35.74,0.0,2.67
2017-01-17,Telangana,21.57,34.98,0.0,2.48
2017-01-18,Telangana,20.73,47.22,0.0,3.41
2017-01-19,Telangana,20.86,57.85,0.0,2.78
2017-01-20,Telangana,21.58,43.28,0.0,2.63
2017-01-21,Telangana,22.05,39.87,0.0,2.99
2017-01-22,Telangana,23.44,45.62,0.0,2.87
2017-01-23,Telangana,23.72,43.56,0.0,2.76
2017-01-24,Telangana,22.57,39.24,0.0,3.06
2017-01-25,Telangana,22.19,47.49,0.0,2.95
2017-01-26,Telangana,22.87,49.1,0.0,3.4
2017-01-27,Telangana,23.66,52.27,0.0,2.6
2017-01-28,Telangana,23.96,40.38,0.0,2.83
2017-01-29,Telangana,22.36,30.75,0.0,3.0
2017-01-30,Telangana,23.09,22.75,0.0,2.94
2017-01-31,Telangana,24.18,28.06,0.0,2.0
2017-02-01,Telangana,24.2,36.04,0.0,2.53
2017-02-02,Telangana,23.16,51.57,0.0,2.97
2017-02-03,Telangana,23.29,49.27,0.0,2.45
2017-02-04,Telangana,23.87,32.79,0.0,2.81
2017-02-05,Telangana,23.63,40.02,0.0,2.19
2017-02-06,Telangana,24.26,30.42,0.0,2.04
2017-02-07,Telangana,24.12,26.82,0.0,2.4
2017-02-08,Telangana,24.3,25.97,0.0,2.71
2017-02-09,Telangana,25.11,27.85,0.0,2.1
2017-02-10,Telangana,24.37,35.5,0.0,2.92
2017-02-11,Telangana,23.79,42.1,0.0,4.06
2017-02-12,Telangana,22.77,51.76,0.0,3.61
2017-02-13,Telangana,22.84,54.78,0.0,3.56
2017-02-14,Telangana,23.77,49.45,0.0,2.97
2017-02-15,Telangana,23.84,40.43,0.0,3.31
2017-02-16,Telangana,24.15,41.22,0.0,2.86
2017-02-17,Telangana,25.11,29.02,0.0,3.35
2017-02-18,Telangana,25.69,27.8,0.0,3.43
2017-02-19,Telangana,26.28,24.98,0.0,3.13
2017-02-20,Telangana,28.19,16.23,0.0,1.93
2017-02-21,Telangana,28.02,15.05,0.0,2.04
2017-02-22,Telangana,27.42,25.14,0.0,2.14
2017-02-23,Telangana,28.26,20.67,0.0,2.15
2017-02-24,Telangana,27.18,16.86,0.0,3.65
2017-02-25,Telangana,25.18,14.24,0.0,3.9
2017-02-26,Telangana,26.01,10.52,0.0,3.71
2017-02-27,Telangana,26.57,20.12,0.0,2.7
2017-02-28,Telangana,27.33,24.1,0.0,2.72
2017-03-01,Telangana,26.65,25.63,0.0,2.91
2017-03-02,Telangana,26.04,34.24,0.0,3.17
2017-03-03,Telangana,26.21,25.84,0.0,3.85
2017-03-04,Telangana,25.98,35.77,0.0,3.32
2017-03-05,Telangana,28.51,48.25,0.0,2.49
2017-03-06,Telangana,29.33,44.97,0.0,2.66
2017-03-07,Telangana,29.13,44.63,0.0,3.96
2017-03-08,Telangana,28.73,41.62,0.0,3.29
2017-03-09,Telangana,28.45,38.83,0.0,2.03
2017-03-10,Telangana,28.62,39.35,0.32,4.31
2017-03-11,Telangana,26.81,21.42,0.05,4.54
2017-03-12,Telangana,26.02,16.63,0.0,2.85
2017-03-13,Telangana,26.13,17.92,0.0,2.4
2017-03-14,Telangana,27.57,44.28,0.03,2.88
2017-03-15,Telangana,27.72,52.16,0.87,2.59
2017-03-16,Telangana,27.13,55.38,6.2,1.78
2017-03-17,Telangana,28.04,47.0,0.05,2.58
2017-03-18,Telangana,28.62,26.12,0.0,2.08
2017-03-19,Telangana,28.45,32.33,0.0,2.62
2017-03-20,Telangana,27.96,31.28,0.0,2.84
2017-03-21,Telangana,27.53,26.03,0.0,3.21
2017-03-22,Telangana,28.65,18.97,0.0,3.06
2017-03-23,Telangana,29.37,26.3,0.0,2.67
2017-03-24,Telangana,30.01,31.59,0.0,2.91
2017-03-25,Telangana,30.67,29.72,0.0,2.72
2017-03-26,Telangana,30.65,33.54,0.0,2.9
2017-03-27,Telangana,30.88,34.27,0.0,2.8
2017-03-28,Telangana,30.85,30.58,0.0,2.98
2017-03-29,Telangana,31.03,32.95,0.0,3.07
2017-03-30,Telangana,31.58,32.94,0.0,3.03
2017-03-31,Telangana,31.74,31.91,0.0,3.61
2017-04-01,Telangana,32.76,26.53,0.0,2.74
2017-04-02,Telangana,33.24,27.86,0.01,2.88
2017-04-03,Telangana,33.05,27.39,0.0,3.91
2017-04-04,Telangana,32.07,39.14,0.8,3.5
2017-04-05,Telangana,32.45,40.91,1.26,2.94
2017-04-06,Telangana,33.56,32.51,0.0,2.26
2017-04-07,Telangana,33.39,37.36,0.0,2.51
2017-04-08,Telangana,33.98,30.75,0.0,1.8
2017-04-09,Telangana,33.31,26.46,0.0,2.43
2017-04-10,Telangana,32.41,24.18,0.04,3.23
2017-04-11,Telangana,31.27,10.64,0.0,3.56
2017-04-12,Telangana,31.49,8.93,0.0,2.9
2017-04-13,Telangana,31.39,19.37,0.0,2.86
2017-04-14,Telangana,31.56,30.09,0.0,3.01
2017-04-15,Telangana,32.0,32.14,0.0,3.42
2017-04-16,Telangana,33.56,21.57,0.0,3.08
2017-04-17,Telangana,33.48,14.22,0.0,3.86
2017-04-18,Telangana,33.72,27.74,0.0,2.42
2017-04-19,Telangana,33.42,33.66,0.0,2.38
2017-04-20,Telangana,34.04,30.23,0.0,1.96
2017-04-21,Telangana,34.38,21.92,0.0,2.69
2017-04-22,Telangana,34.19,17.71,0.0,3.07
2017-04-23,Telangana,33.26,18.11,0.0,3.64
2017-04-24,Telangana,32.75,17.35,0.0,4.03
2017-04-25,Telangana,33.23,16.45,0.0,3.14
2017-04-26,Telangana,34.06,17.51,0.0,1.91
2017-04-27,Telangana,33.39,31.42,0.0,2.3
2017-04-28,Telangana,33.3,31.11,0.34,3.39
2017-04-29,Telangana,34.52,23.13,0.48,1.71
2017-04-30,Telangana,33.83,26.0,0.0,1.72
2017-05-01,Telangana,33.07,28.92,0.68,1.9
2017-05-02,Telangana,31.99,39.18,2.04,3.91
2017-05-03,Telangana,32.04,39.98,0.02,3.76
2017-05-04,Telangana,32.97,33.56,0.0,3.19
2017-05-05,Telangana,34.09,29.02,0.04,2.52
2017-05-06,Telangana,34.66,32.43,0.03,3.15
2017-05-07,Telangana,33.76,36.27,0.24,3.63
2017-05-08,Telangana,33.35,36.47,0.0,2.71
2017-05-09,Telangana,33.6,35.62,1.2,3.04
2017-05-10,Telangana,29.22,62.37,23.16,3.36
2017-05-11,Telangana,29.64,56.33,0.02,3.06
2017-05-12,Telangana,30.39,50.49,0.0,3.62
2017-05-13,Telangana,31.86,46.21,0.0,3.18
2017-05-14,Telangana,33.48,42.35,0.37,3.26
2017-05-15,Telangana,34.3,39.86,0.78,4.62
2017-05-16,Telangana,35.55,32.97,0.0,4.8
2017-05-17,Telangana,34.63,31.22,0.0,6.48
2017-05-18,Telangana,34.94,27.03,0.0,5.28
2017-05-19,Telangana,35.72,23.9,0.04,3.85
2017-05-20,Telangana,35.76,25.23,0.0,3.42
2017-05-21,Telangana,35.5,29.66,0.01,3.35
2017-05-22,Telangana,34.87,33.23,0.26,4.16
2017-05-23,Telangana,35.23,32.3,0.61,3.58
2017-05-24,Telangana,35.18,30.69,0.06,3.46
2017-05-25,Telangana,35.57,33.34,0.0,3.72
2017-05-26,Telangana,34.26,40.0,2.51,3.06
2017-05-27,Telangana,33.54,44.21,1.75,4.15
2017-05-28,Telangana,33.77,45.73,3.43,3.87
2017-05-29,Telangana,33.94,38.63,0.28,5.26
2017-05-30,Telangana,34.09,37.35,0.07,7.27
2017-05-31,Telangana,33.86,41.15,0.04,5.99
2017-06-01,Telangana,33.35,45.49,0.0,4.25
2017-06-02,Telangana,34.76,37.04,0.03,3.24
2017-06-03,Telangana,34.67,38.7,0.13,3.5
2017-06-04,Telangana,33.45,42.9,0.15,4.73
2017-06-05,Telangana,33.91,42.9,4.76,4.55
2017-06-06,Telangana,30.0,62.05,5.06,4.66
2017-06-07,Telangana,27.58,74.49,28.83,5.58
2017-06-08,Telangana,26.17,77.48,4.32,6.21
2017-06-09,Telangana,26.67,73.79,8.11,5.52
2017-06-10,Telangana,26.41,74.97,2.14,4.67
2017-06-11,Telangana,27.55,70.17,3.48,4.21
2017-06-12,Telangana,26.27,77.43,12.04,4.5
2017-06-13,Telangana,25.4,81.7,7.73,5.51
2017-06-14,Telangana,27.48,74.36,5.76,4.95
2017-06-15,Telangana,26.44,78.88,3.61,4.6
2017-06-16,Telangana,26.63,75.84,1.99,3.65
2017-06-17,Telangana,27.7,69.87,0.82,3.76
2017-06-18,Telangana,27.32,74.11,5.68,4.08
2017-06-19,Telangana,26.26,78.0,7.84,5.28
2017-06-20,Telangana,27.11,71.33,0.89,5.98
2017-06-21,Telangana,28.25,64.05,0.14,5.65
2017-06-22,Telangana,28.05,66.81,6.46,5.95
2017-06-23,Telangana,27.67,72.08,2.68,5.94
2017-06-24,Telangana,27.32,71.78,1.39,5.21
2017-06-25,Telangana,26.43,76.54,7.19,5.31
2017-06-26,Telangana,26.27,74.95,6.12,6.62
2017-06-27,Telangana,26.06,75.33,5.64,6.98
2017-06-28,Telangana,26.62,70.8,0.32,7.24
2017-06-29,Telangana,27.5,66.84,0.04,7.2
2017-06-30,Telangana,26.92,71.79,0.94,6.91
2017-07-01,Telangana,27.43,70.22,0.09,6.93
2017-07-02,Telangana,27.95,67.98,0.93,7.05
2017-07-03,Telangana,27.6,67.5,0.43,6.75
2017-07-04,Telangana,28.08,64.34,0.01,7.09
2017-07-05,Telangana,27.61,66.4,3.77,6.12
2017-07-06,Telangana,26.65,72.76,9.55,4.81
2017-07-07,Telangana,26.63,74.53,5.54,5.06
2017-07-08,Telangana,26.98,68.51,1.34,5.7
2017-07-09,Telangana,27.14,68.44,0.38,4.69
2017-07-10,Telangana,26.84,72.51,1.41,4.34
2017-07-11,Telangana,27.44,68.54,0.6,5.16
2017-07-12,Telangana,27.57,65.15,0.61,6.72
2017-07-13,Telangana,26.2,72.73,6.11,6.64
2017-07-14,Telangana,25.28,79.8,3.92,7.25
2017-07-15,Telangana,26.25,73.65,6.87,8.2
2017-07-16,Telangana,25.65,76.03,3.22,6.95
2017-07-17,Telangana,24.33,82.63,23.32,7.54
2017-07-18,Telangana,24.32,85.71,33.05,8.98
2017-07-19,Telangana,25.73,78.75,8.83,8.68
2017-07-20,Telangana,25.39,83.1,55.24,7.46
2017-07-21,Telangana,26.5,78.81,4.07,7.03
2017-07-22,Telangana,26.8,75.15,0.0,6.95
2017-07-23,Telangana,26.6,74.9,0.0,6.82
2017-07-24,Telangana,26.18,75.31,0.36,6.91
2017-07-25,Telangana,26.75,73.82,0.01,6.77
2017-07-26,Telangana,26.67,72.3,0.07,6.57
2017-07-27,Telangana,26.41,73.2,0.38,6.03
2017-07-28,Telangana,26.72,75.06,5.21,5.5
2017-07-29,Telangana,26.75,75.98,0.28,4.14
2017-07-30,Telangana,27.01,75.25,0.09,4.21
2017-07-31,Telangana,27.04,74.93,3.59,4.18
2017-08-01,Telangana,25.7,80.19,3.3,4.59
2017-08-02,Telangana,26.5,77.37,0.35,4.82
2017-08-03,Telangana,26.28,75.71,1.54,5.91
2017-08-04,Telangana,25.91,77.02,0.19,4.66
2017-08-05,Telangana,26.14,77.62,0.32,4.23
2017-08-06,Telangana,26.32,76.73,2.68,3.51
2017-08-07,Telangana,26.83,75.24,2.97,2.66
2017-08-08,Telangana,26.72,76.47,10.56,2.15
2017-08-09,Telangana,25.59,82.84,16.97,2.38
2017-08-10,Telangana,25.93,80.18,3.78,3.58
2017-08-11,Telangana,25.64,82.24,2.86,3.23
2017-08-12,Telangana,25.25,82.95,10.28,3.48
2017-08-13,Telangana,24.69,84.75,5.33,3.23
2017-08-14,Telangana,24.48,81.12,0.07,3.04
2017-08-15,Telangana,25.57,76.77,0.14,2.69
2017-08-16,Telangana,25.2,80.59,0.41,3.52
2017-08-17,Telangana,24.88,82.32,1.02,3.56
2017-08-18,Telangana,24.84,81.22,0.8,5.27
2017-08-19,Telangana,23.07,89.07,21.77,7.25
2017-08-20,Telangana,23.81,82.79,5.14,7.53
2017-08-21,Telangana,24.67,77.46,3.06,4.48
2017-08-22,Telangana,25.75,72.09,2.23,3.23
2017-08-23,Telangana,25.97,78.33,1.39,3.54
2017-08-24,Telangana,25.36,82.77,3.7,3.62
2017-08-25,Telangana,24.54,87.62,44.03,4.58
2017-08-26,Telangana,25.05,85.78,6.09,4.96
2017-08-27,Telangana,25.47,86.18,8.95,4.76
2017-08-28,Telangana,23.83,89.12,2.68,5.39
2017-08-29,Telangana,24.26,81.23,8.03,5.76
2017-08-30,Telangana,25.29,79.34,0.14,4.08
2017-08-31,Telangana,26.3,79.51,0.03,3.73
2017-09-01,Telangana,26.28,77.36,0.1,3.32
2017-09-02,Telangana,26.4,77.62,0.99,2.01
2017-09-03,Telangana,25.87,80.7,3.42,3.37
2017-09-04,Telangana,26.33,80.26,2.71,2.28
2017-09-05,Telangana,26.07,84.93,9.09,2.46
2017-09-06,Telangana,25.28,84.92,1.49,2.87
2017-09-07,Telangana,25.17,81.96,1.61,2.41
2017-09-08,Telangana,26.05,83.54,0.02,1.66
2017-09-09,Telangana,26.16,84.2,0.0,2.32
2017-09-10,Telangana,25.67,85.52,0.0,2.53
2017-09-11,Telangana,25.65,87.11,0.03,3.12
2017-09-12,Telangana,25.64,86.59,0.27,2.46
2017-09-13,Telangana,25.8,84.51,27.58,2.22
2017-09-14,Telangana,25.53,84.42,10.73,2.01
2017-09-15,Telangana,24.81,86.76,16.27,3.02
2017-09-16,Telangana,25.5,82.3,3.0,2.43
2017-09-17,Telangana,24.61,88.35,3.39,3.2
2017-09-18,Telangana,24.02,84.76,0.31,5.89
2017-09-19,Telangana,24.81,81.86,0.0,5.46
2017-09-20,Telangana,25.1,83.57,0.07,5.21
2017-09-21,Telangana,24.09,86.48,0.71,5.17
2017-09-22,Telangana,24.57,84.47,4.67,3.22
2017-09-23,Telangana,25.34,80.25,0.02,2.24
2017-09-24,Telangana,25.66,78.57,0.08,2.5
2017-09-25,Telangana,24.93,84.55,11.25,3.01
2017-09-26,Telangana,25.07,86.2,7.74,3.19
2017-09-27,Telangana,25.02,85.96,7.77,2.91
2017-09-28,Telangana,25.03,86.97,21.24,2.47
2017-09-29,Telangana,25.18,86.59,24.91,2.71
2017-09-30,Telangana,25.17,83.14,1.93,2.57
2017-10-01,Telangana,25.5,83.08,3.83,1.87
2017-10-02,Telangana,25.28,86.21,23.24,1.87
2017-10-03,Telangana,24.48,91.29,9.76,1.87
2017-10-04,Telangana,24.84,88.22,3.57,2.63
2017-10-05,Telangana,23.89,92.62,1.59,2.3
2017-10-06,Telangana,23.99,93.06,2.9,2.58
2017-10-07,Telangana,24.57,90.43,4.5,1.9
2017-10-08,Telangana,24.49,90.83,6.23,1.35
2017-10-09,Telangana,24.57,90.92,5.82,1.84
2017-10-10,Telangana,24.21,92.21,13.6,2.26
2017-10-11,Telangana,25.39,83.92,1.36,1.36
2017-10-12,Telangana,25.22,84.55,5.96,1.47
2017-10-13,Telangana,25.28,86.16,1.31,1.68
2017-10-14,Telangana,25.44,88.07,4.35,1.64
2017-10-15,Telangana,24.99,91.01,2.49,2.19
2017-10-16,Telangana,24.94,84.24,0.02,3.61
2017-10-17,Telangana,24.61,78.04,0.0,3.56
2017-10-18,Telangana,23.41,75.1,0.0,3.6
2017-10-19,Telangana,23.03,70.14,0.05,2.88
2017-10-20,Telangana,23.41,76.12,0.04,2.52
2017-10-21,Telangana,23.84,75.98,0.03,3.43
2017-10-22,Telangana,24.41,85.71,0.56,3.34
2017-10-23,Telangana,25.23,83.44,0.01,2.95
2017-10-24,Telangana,24.07,75.69,0.01,2.56
2017-10-25,Telangana,24.12,80.25,0.02,1.91
2017-10-26,Telangana,23.52,81.97,0.0,2.1
2017-10-27,Telangana,23.23,73.41,0.0,1.44
2017-10-28,Telangana,23.03,73.48,0.0,1.75
2017-10-29,Telangana,21.85,73.89,0.0,2.62
2017-10-30,Telangana,21.86,75.74,0.0,2.81
2017-10-31,Telangana,21.28,70.4,0.0,3.0
2017-11-01,Telangana,20.8,73.44,0.0,2.97
2017-11-02,Telangana,19.72,77.42,0.0,3.41
2017-11-03,Telangana,19.51,77.62,0.0,3.43
2017-11-04,Telangana,20.65,78.3,0.0,3.14
2017-11-05,Telangana,22.05,83.16,0.0,3.42
2017-11-06,Telangana,21.83,81.12,0.0,2.91
2017-11-07,Telangana,21.43,76.01,0.0,2.43
2017-11-08,Telangana,21.41,76.37,0.0,2.55
2017-11-09,Telangana,20.75,70.31,0.0,2.38
2017-11-10,Telangana,20.17,71.24,0.0,2.78
2017-11-11,Telangana,19.56,70.56,0.0,3.33
2017-11-12,Telangana,20.43,71.89,0.0,2.98
2017-11-13,Telangana,21.32,75.63,0.0,2.84
2017-11-14,Telangana,23.04,83.97,0.14,2.43
2017-11-15,Telangana,23.85,79.63,0.03,3.34
2017-11-16,Telangana,23.44,77.67,0.0,3.62
2017-11-17,Telangana,23.2,79.05,0.0,2.16
2017-11-18,Telangana,23.48,77.87,0.0,2.24
2017-11-19,Telangana,23.79,75.7,0.0,2.13
2017-11-20,Telangana,24.21,76.71,0.0,2.2
2017-11-21,Telangana,23.87,79.36,0.08,2.55
2017-11-22,Telangana,24.25,76.16,1.14,1.45
2017-11-23,Telangana,24.38,71.8,0.01,2.32
2017-11-24,Telangana,23.45,75.49,0.0,2.09
2017-11-25,Telangana,21.05,68.34,0.0,2.93
2017-11-26,Telangana,20.24,62.64,0.0,2.26
2017-11-27,Telangana,20.71,60.8,0.0,1.74
2017-11-28,Telangana,20.11,61.35,0.0,2.2
2017-11-29,Telangana,19.57,69.91,0.0,2.79
2017-11-30,Telangana,19.79,67.67,0.0,2.88
2017-12-01,Telangana,20.18,68.92,0.0,3.25
2017-12-02,Telangana,19.68,73.76,0.0,3.27
2017-12-03,Telangana,18.76,70.49,0.0,3.04
2017-12-04,Telangana,18.6,70.72,0.0,2.93
2017-12-05,Telangana,19.55,72.37,0.0,3.63
2017-12-06,Telangana,20.78,72.9,0.0,2.83
2017-12-07,Telangana,21.36,59.24,0.0,2.66
2017-12-08,Telangana,20.38,56.47,0.0,3.89
2017-12-09,Telangana,21.01,60.39,0.0,3.45
2017-12-10,Telangana,20.43,56.2,0.0,3.03
2017-12-11,Telangana,20.28,49.6,0.0,2.44
2017-12-12,Telangana,21.78,49.49,0.0,1.7
2017-12-13,Telangana,21.84,55.43,0.0,1.77
2017-12-14,Telangana,21.35,67.59,0.0,2.88
2017-12-15,Telangana,20.71,65.16,0.0,2.82
2017-12-16,Telangana,20.69,58.46,0.0,2.64
2017-12-17,Telangana,19.89,60.52,0.0,3.18
2017-12-18,Telangana,19.98,61.16,0.0,3.12
2017-12-19,Telangana,19.32,51.41,0.0,3.0
2017-12-20,Telangana,19.76,43.25,0.0,2.34
2017-12-21,Telangana,19.71,50.72,0.0,2.29
2017-12-22,Telangana,19.79,49.18,0.0,2.58
2017-12-23,Telangana,19.81,52.91,0.0,2.54
2017-12-24,Telangana,20.07,56.75,0.0,2.53
2017-12-25,Telangana,20.58,57.34,0.0,2.13
2017-12-26,Telangana,19.46,50.18,0.0,3.07
2017-12-27,Telangana,18.38,47.53,0.0,2.86
2017-12-28,Telangana,18.99,41.82,0.0,2.62
2017-12-29,Telangana,18.94,55.87,0.0,2.76
2017-12-30,Telangana,19.29,63.28,0.0,2.79
2017-12-31,Telangana,20.44,54.11,0.0,1.94
2018-01-01,Telangana,21.5,52.57,0.0,1.91
2018-01-02,Telangana,19.99,56.52,0.0,2.17
2018-01-03,Telangana,19.99,53.93,0.0,2.11
2018-01-04,Telangana,19.38,46.52,0.0,2.64
2018-01-05,Telangana,19.87,43.59,0.0,1.96
2018-01-06,Telangana,19.67,44.25,0.0,1.89
2018-01-07,Telangana,19.9,45.26,0.0,1.8
2018-01-08,Telangana,19.02,51.92,0.0,2.85
2018-01-09,Telangana,18.88,51.37,0.0,2.76
2018-01-10,Telangana,20.79,47.46,0.0,2.2
2018-01-11,Telangana,22.1,42.53,0.0,2.07
2018-01-12,Telangana,22.66,35.42,0.0,2.52
2018-01-13,Telangana,23.73,34.49,0.0,2.57
2018-01-14,Telangana,22.97,42.05,0.0,2.67
2018-01-15,Telangana,23.44,46.47,0.0,2.45
2018-01-16,Telangana,22.95,40.49,0.0,2.97
2018-01-17,Telangana,22.43,34.4,0.0,2.56
2018-01-18,Telangana,22.02,33.36,0.0,2.88
2018-01-19,Telangana,21.41,27.61,0.0,2.82
2018-01-20,Telangana,21.09,26.66,0.0,2.46
2018-01-21,Telangana,21.8,27.82,0.0,2.25
2018-01-22,Telangana,20.79,44.02,0.0,2.51
2018-01-23,Telangana,21.63,52.72,0.0,2.55
2018-01-24,Telangana,21.98,37.94,0.0,3.02
2018-01-25,Telangana,21.18,28.13,0.0,2.84
2018-01-26,Telangana,20.92,15.62,0.0,2.53
2018-01-27,Telangana,21.81,16.37,0.0,1.57
2018-01-28,Telangana,21.42,23.21,0.0,2.5
2018-01-29,Telangana,21.78,28.56,0.0,2.85
2018-01-30,Telangana,21.54,22.46,0.0,3.46
2018-01-31,Telangana,22.47,18.55,0.0,3.22
2018-02-01,Telangana,23.5,15.75,0.0,2.8
2018-02-02,Telangana,24.09,16.0,0.0,1.7
2018-02-03,Telangana,22.88,26.9,0.0,2.62
2018-02-04,Telangana,22.57,41.12,0.0,3.09
2018-02-05,Telangana,22.62,40.67,0.0,3.44
2018-02-06,Telangana,23.83,36.51,0.0,2.53
2018-02-07,Telangana,23.5,33.71,0.0,1.99
2018-02-08,Telangana,25.93,25.91,0.0,1.16
2018-02-09,Telangana,25.86,29.29,0.0,2.17
2018-02-10,Telangana,25.09,37.02,0.0,1.77
2018-02-11,Telangana,24.72,54.47,0.0,4.86
2018-02-12,Telangana,25.2,56.98,0.02,4.18
2018-02-13,Telangana,24.34,54.98,0.03,3.59
2018-02-14,Telangana,23.84,55.37,0.0,3.21
2018-02-15,Telangana,23.92,45.5,0.0,3.17
2018-02-16,Telangana,23.48,28.28,0.0,3.56
2018-02-17,Telangana,24.07,22.51,0.0,3.67
2018-02-18,Telangana,24.59,25.89,0.0,2.3
2018-02-19,Telangana,25.0,39.42,0.0,2.39
2018-02-20,Telangana,25.68,46.17,0.0,2.64
2018-02-21,Telangana,25.94,40.58,0.0,2.65
2018-02-22,Telangana,25.97,37.35,0.0,2.62
2018-02-23,Telangana,25.69,39.1,0.0,2.89
2018-02-24,Telangana,25.11,40.27,0.0,3.56
2018-02-25,Telangana,25.24,32.7,0.0,3.02
2018-02-26,Telangana,26.73,22.7,0.0,2.55
2018-02-27,Telangana,27.58,25.46,0.0,3.18
2018-02-28,Telangana,27.4,20.85,0.0,2.86
2018-03-01,Telangana,27.54,18.16,0.0,2.25
2018-03-02,Telangana,28.28,19.5,0.0,1.93
2018-03-03,Telangana,28.17,21.21,0.0,2.07
2018-03-04,Telangana,28.42,20.48,0.0,2.7
2018-03-05,Telangana,27.73,25.81,0.0,3.73
2018-03-06,Telangana,27.87,24.4,0.0,3.11
2018-03-07,Telangana,27.82,29.07,0.0,3.23
2018-03-08,Telangana,27.56,26.06,0.0,3.63
2018-03-09,Telangana,27.85,30.41,0.0,3.02
2018-03-10,Telangana,28.29,34.81,0.0,2.21
2018-03-11,Telangana,28.48,35.02,0.0,3.15
2018-03-12,Telangana,28.5,35.68,0.0,3.06
2018-03-13,Telangana,28.51,33.42,0.0,3.35
2018-03-14,Telangana,29.44,27.18,0.0,3.26
2018-03-15,Telangana,29.79,31.91,0.0,2.55
2018-03-16,Telangana,27.7,37.21,0.39,3.83
2018-03-17,Telangana,27.14,46.02,0.01,2.1
2018-03-18,Telangana,28.52,41.85,0.0,2.69
2018-03-19,Telangana,28.33,37.42,0.0,2.36
2018-03-20,Telangana,29.58,32.5,0.0,2.04
2018-03-21,Telangana,30.65,30.61,0.04,2.85
2018-03-22,Telangana,30.88,24.45,0.05,2.97
2018-03-23,Telangana,30.27,18.98,0.0,2.8
2018-03-24,Telangana,29.84,17.92,0.0,2.84
2018-03-25,Telangana,29.98,26.63,0.0,2.57
2018-03-26,Telangana,30.05,29.21,0.0,2.46
2018-03-27,Telangana,30.75,27.05,0.0,2.05
2018-03-28,Telangana,32.23,21.44,0.0,2.11
2018-03-29,Telangana,31.22,22.3,0.0,2.2
2018-03-30,Telangana,31.67,23.78,0.0,2.5
2018-03-31,Telangana,31.48,44.51,0.0,3.81
2018-04-01,Telangana,31.33,45.74,2.64,3.1
2018-04-02,Telangana,29.75,49.81,8.6,2.8
2018-04-03,Telangana,28.56,54.59,1.06,2.45
2018-04-04,Telangana,30.32,43.17,0.0,2.91
2018-04-05,Telangana,30.21,46.57,2.63,2.78
2018-04-06,Telangana,29.73,48.33,2.96,1.84
2018-04-07,Telangana,29.24,52.05,5.61,2.42
2018-04-08,Telangana,27.07,62.35,9.01,2.36
2018-04-09,Telangana,27.83,54.62,0.16,2.82
2018-04-10,Telangana,28.23,54.86,0.14,3.2
2018-04-11,Telangana,28.71,52.34,0.0,2.41
2018-04-12,Telangana,29.79,46.34,0.08,2.04
2018-04-13,Telangana,30.53,41.25,0.0,3.23
2018-04-14,Telangana,30.97,43.42,0.0,2.59
2018-04-15,Telangana,30.49,47.14,0.01,3.08
2018-04-16,Telangana,32.08,38.75,0.0,2.22
2018-04-17,Telangana,33.45,35.89,0.06,2.61
2018-04-18,Telangana,34.43,32.3,0.03,2.38
2018-04-19,Telangana,34.46,25.73,0.05,3.12
2018-04-20,Telangana,34.36,22.69,0.0,3.22
2018-04-21,Telangana,33.14,33.41,0.02,2.59
2018-04-22,Telangana,33.42,39.24,0.68,2.04
2018-04-23,Telangana,33.82,34.78,0.03,2.07
2018-04-24,Telangana,33.76,25.67,0.09,2.7
2018-04-25,Telangana,32.7,36.83,0.23,2.79
2018-04-26,Telangana,33.06,37.07,0.05,3.93
2018-04-27,Telangana,33.77,30.12,0.02,4.25
2018-04-28,Telangana,32.85,38.38,0.0,4.11
2018-04-29,Telangana,34.62,28.02,0.0,3.12
2018-04-30,Telangana,35.24,24.75,0.0,3.28
2018-05-01,Telangana,34.91,28.78,0.0,3.36
2018-05-02,Telangana,33.73,44.6,0.01,3.99
2018-05-03,Telangana,31.48,52.26,12.01,4.04
2018-05-04,Telangana,29.55,60.89,4.99,2.79
2018-05-05,Telangana,31.11,53.05,0.0,3.46
2018-05-06,Telangana,32.66,44.04,0.03,3.41
2018-05-07,Telangana,32.99,39.94,0.05,2.98
2018-05-08,Telangana,33.51,41.82,0.0,3.01
2018-05-09,Telangana,33.42,41.27,0.0,3.58
2018-05-10,Telangana,32.69,44.76,0.0,3.84
2018-05-11,Telangana,33.21,40.34,0.0,3.21
2018-05-12,Telangana,34.3,34.95,1.23,2.86
2018-05-13,Telangana,33.61,36.49,0.77,2.9
2018-05-14,Telangana,33.07,38.07,1.21,3.82
2018-05-15,Telangana,32.8,39.3,1.32,3.02
2018-05-16,Telangana,33.47,33.09,0.0,3.53
2018-05-17,Telangana,33.65,36.15,1.8,3.5
2018-05-18,Telangana,33.13,39.3,0.26,3.18
2018-05-19,Telangana,34.71,33.74,0.0,4.66
2018-05-20,Telangana,34.31,33.99,0.0,4.37
2018-05-21,Telangana,32.53,38.82,0.0,4.31
2018-05-22,Telangana,31.04,51.15,0.27,3.19
2018-05-23,Telangana,32.73,43.62,0.33,3.03
2018-05-24,Telangana,31.99,45.78,0.21,4.34
2018-05-25,Telangana,33.89,37.3,0.01,4.56
2018-05-26,Telangana,33.43,42.41,0.07,4.4
2018-05-27,Telangana,32.5,47.04,2.62,2.67
2018-05-28,Telangana,33.22,42.95,0.0,3.87
2018-05-29,Telangana,34.22,43.3,0.07,3.85
2018-05-30,Telangana,34.41,40.84,0.01,3.72
2018-05-31,Telangana,31.15,52.4,0.33,3.96
2018-06-01,Telangana,30.8,58.36,3.36,1.97
2018-06-02,Telangana,28.3,64.79,1.73,2.67
2018-06-03,Telangana,31.34,52.14,0.23,2.91
2018-06-04,Telangana,32.41,47.53,0.01,3.83
2018-06-05,Telangana,30.67,52.54,0.74,3.59
2018-06-06,Telangana,28.94,64.9,8.61,3.62
2018-06-07,Telangana,27.43,76.49,7.28,4.11
2018-06-08,Telangana,27.42,74.35,0.37,3.65
2018-06-09,Telangana,27.44,71.32,6.42,5.92
2018-06-10,Telangana,27.95,66.92,7.16,7.56
2018-06-11,Telangana,27.33,73.52,3.42,7.73
2018-06-12,Telangana,28.28,68.97,3.53,6.98
2018-06-13,Telangana,29.51,60.74,0.46,7.23
2018-06-14,Telangana,30.34,54.32,0.0,6.67
2018-06-15,Telangana,30.12,53.68,1.31,6.18
2018-06-16,Telangana,30.08,49.83,0.03,6.67
2018-06-17,Telangana,29.4,53.18,0.14,6.46
2018-06-18,Telangana,28.95,57.25,0.26,6.9
2018-06-19,Telangana,28.75,59.61,0.2,6.39
2018-06-20,Telangana,28.8,60.96,0.0,3.67
2018-06-21,Telangana,29.36,61.23,10.13,2.71
2018-06-22,Telangana,27.81,73.72,27.39,2.23
2018-06-23,Telangana,26.74,78.6,15.44,2.66
2018-06-24,Telangana,27.19,68.82,0.05,4.59
2018-06-25,Telangana,27.5,63.19,0.01,7.08
2018-06-26,Telangana,27.73,64.31,2.08,7.18
2018-06-27,Telangana,26.73,71.67,9.96,6.64
2018-06-28,Telangana,26.51,71.43,1.74,5.77
2018-06-29,Telangana,27.48,64.14,0.78,4.52
2018-06-30,Telangana,26.87,63.59,0.18,3.24
2018-07-01,Telangana,28.01,58.51,0.01,4.06
2018-07-02,Telangana,28.48,57.65,0.03,4.39
2018-07-03,Telangana,26.44,65.23,0.66,6.92
2018-07-04,Telangana,27.83,62.53,0.05,7.14
2018-07-05,Telangana,27.34,68.47,10.94,6.97
2018-07-06,Telangana,26.28,72.05,9.85,6.64
2018-07-07,Telangana,24.94,73.26,7.54,7.09
2018-07-08,Telangana,25.0,77.08,5.27,8.43
2018-07-09,Telangana,25.38,78.27,7.32,6.77
2018-07-10,Telangana,26.78,71.98,1.23,7.23
2018-07-11,Telangana,27.03,72.12,12.33,6.49
2018-07-12,Telangana,25.24,77.79,8.79,8.31
2018-07-13,Telangana,25.54,79.22,7.0,7.09
2018-07-14,Telangana,25.73,76.91,5.88,6.24
2018-07-15,Telangana,25.79,78.53,2.29,7.47
2018-07-16,Telangana,25.41,81.28,6.17,7.66
2018-07-17,Telangana,26.86,72.74,2.95,8.2
2018-07-18,Telangana,27.04,71.85,0.56,7.07
2018-07-19,Telangana,26.3,74.01,5.17,6.85
2018-07-20,Telangana,25.38,79.57,1.36,7.09
2018-07-21,Telangana,25.59,76.97,1.02,6.64
2018-07-22,Telangana,26.21,72.84,0.03,6.98
2018-07-23,Telangana,26.95,68.11,0.7,6.52
2018-07-24,Telangana,27.41,67.67,1.53,6.73
2018-07-25,Telangana,27.4,68.16,1.15,6.39
2018-07-26,Telangana,26.54,70.95,0.41,6.38
2018-07-27,Telangana,27.17,68.32,0.02,6.15
2018-07-28,Telangana,27.56,65.78,0.0,5.82
2018-07-29,Telangana,27.98,64.89,0.0,5.58
2018-07-30,Telangana,28.14,62.69,0.0,5.65
2018-07-31,Telangana,27.77,63.73,0.0,6.01
2018-08-01,Telangana,27.45,66.85,5.36,6.24
2018-08-02,Telangana,27.48,68.52,1.58,6.1
2018-08-03,Telangana,27.28,66.78,0.39,5.96
2018-08-04,Telangana,27.17,67.76,1.62,6.06
2018-08-05,Telangana,27.16,66.49,0.88,6.51
2018-08-06,Telangana,26.78,66.99,3.09,7.0
2018-08-07,Telangana,26.41,68.97,2.16,6.81
2018-08-08,Telangana,25.78,71.94,2.74,6.78
2018-08-09,Telangana,26.95,73.23,8.72,5.15
2018-08-10,Telangana,26.97,71.26,4.88,6.41
2018-08-11,Telangana,25.56,79.64,25.49,7.48
2018-08-12,Telangana,24.5,82.14,4.79,7.61
2018-08-13,Telangana,24.92,78.21,4.82,7.79
2018-08-14,Telangana,25.22,79.6,1.02,5.54
2018-08-15,Telangana,24.94,81.97,3.66,6.22
2018-08-16,Telangana,24.45,85.85,9.93,8.51
2018-08-17,Telangana,25.69,75.71,1.37,7.98
2018-08-18,Telangana,25.47,76.88,4.56,6.94
2018-08-19,Telangana,25.39,80.36,13.66,7.03
2018-08-20,Telangana,23.88,86.15,29.33,8.07
2018-08-21,Telangana,25.22,79.37,4.28,7.38
2018-08-22,Telangana,25.9,77.23,0.26,6.28
2018-08-23,Telangana,26.18,77.2,0.43,6.2
2018-08-24,Telangana,25.53,78.44,0.33,5.57
2018-08-25,Telangana,25.35,77.98,0.31,5.87
2018-08-26,Telangana,25.03,79.14,4.59,5.71
2018-08-27,Telangana,24.24,83.48,3.1,5.34
2018-08-28,Telangana,25.1,79.81,0.49,4.85
2018-08-29,Telangana,25.84,76.43,0.13,3.99
2018-08-30,Telangana,25.84,73.63,0.04,4.47
2018-08-31,Telangana,25.94,73.61,0.28,4.33
2018-09-01,Telangana,25.28,77.73,2.25,4.1
2018-09-02,Telangana,25.52,76.98,2.65,4.59
2018-09-03,Telangana,25.86,74.85,1.04,4.48
2018-09-04,Telangana,25.87,72.3,0.07,4.83
2018-09-05,Telangana,25.5,72.72,0.71,5.15
2018-09-06,Telangana,24.93,74.56,0.42,4.83
2018-09-07,Telangana,25.56,70.3,0.0,4.95
2018-09-08,Telangana,26.18,66.87,0.0,3.85
2018-09-09,Telangana,26.26,67.44,0.0,1.84
2018-09-10,Telangana,26.6,70.56,1.77,1.62
2018-09-11,Telangana,26.66,76.0,5.49,1.7
2018-09-12,Telangana,26.82,73.55,0.25,1.32
2018-09-13,Telangana,27.27,67.79,0.0,1.72
2018-09-14,Telangana,27.15,68.8,0.01,1.41
2018-09-15,Telangana,27.37,66.22,0.0,2.26
2018-09-16,Telangana,26.36,71.56,0.53,3.05
2018-09-17,Telangana,24.65,83.88,28.66,2.11
2018-09-18,Telangana,24.78,82.27,5.5,3.54
2018-09-19,Telangana,25.08,81.79,16.26,3.43
2018-09-20,Telangana,24.86,81.97,1.97,3.65
2018-09-21,Telangana,23.12,85.03,9.55,6.58
2018-09-22,Telangana,24.76,77.27,1.8,3.96
2018-09-23,Telangana,25.33,76.41,0.32,2.39
2018-09-24,Telangana,25.37,80.68,3.29,1.82
2018-09-25,Telangana,26.27,77.04,0.7,2.04
2018-09-26,Telangana,25.82,78.69,1.32,1.8
2018-09-27,Telangana,25.62,78.35,3.0,1.79
2018-09-28,Telangana,25.63,79.8,0.57,2.16
2018-09-29,Telangana,25.98,78.68,0.01,2.63
2018-09-30,Telangana,26.42,75.12,0.16,2.63
2018-10-01,Telangana,25.99,75.74,0.07,2.61
2018-10-02,Telangana,26.82,74.03,0.0,2.01
2018-10-03,Telangana,26.87,73.94,0.0,2.03
2018-10-04,Telangana,26.38,74.73,0.0,2.72
2018-10-05,Telangana,25.72,70.17,0.0,3.16
2018-10-06,Telangana,25.91,63.86,0.0,2.82
2018-10-07,Telangana,26.1,67.87,0.0,2.97
2018-10-08,Telangana,25.85,63.5,0.0,3.14
2018-10-09,Telangana,25.4,62.65,0.0,3.86
2018-10-10,Telangana,25.43,55.83,0.0,4.89
2018-10-11,Telangana,25.44,55.99,0.0,5.64
2018-10-12,Telangana,26.15,64.13,0.0,4.21
2018-10-13,Telangana,26.77,65.86,0.0,2.62
2018-10-14,Telangana,26.57,65.05,0.0,2.63
2018-10-15,Telangana,26.22,60.05,0.11,2.62
2018-10-16,Telangana,25.26,70.18,9.93,1.9
2018-10-17,Telangana,24.6,77.77,8.55,1.69
2018-10-18,Telangana,24.74,71.01,4.16,2.0
2018-10-19,Telangana,24.86,67.5,0.0,2.54
2018-10-20,Telangana,25.52,58.04,0.0,2.57
2018-10-21,Telangana,25.97,60.12,0.0,2.2
2018-10-22,Telangana,26.71,54.6,0.0,1.91
2018-10-23,Telangana,26.65,59.73,0.0,2.17
2018-10-24,Telangana,26.47,57.78,0.0,2.38
2018-10-25,Telangana,24.92,55.19,0.0,3.08
2018-10-26,Telangana,23.86,51.21,0.0,3.69
2018-10-27,Telangana,24.44,49.69,0.0,3.09
2018-10-28,Telangana,23.6,53.02,0.0,4.11
2018-10-29,Telangana,22.82,53.54,0.0,4.5
2018-10-30,Telangana,22.94,59.94,0.0,3.38
2018-10-31,Telangana,23.74,62.81,0.0,2.9
2018-11-01,Telangana,24.85,73.86,0.13,3.37
2018-11-02,Telangana,25.54,71.78,0.07,3.4
2018-11-03,Telangana,26.07,68.72,0.0,3.26
2018-11-04,Telangana,26.0,68.44,0.0,3.05
2018-11-05,Telangana,25.94,64.64,0.0,2.58
2018-11-06,Telangana,26.09,63.65,0.0,2.73
2018-11-07,Telangana,26.41,60.01,0.0,2.22
2018-11-08,Telangana,25.9,59.28,0.0,2.56
2018-11-09,Telangana,25.02,56.65,0.0,2.34
2018-11-10,Telangana,24.66,45.33,0.0,2.44
2018-11-11,Telangana,23.07,43.57,0.0,3.13
2018-11-12,Telangana,22.3,45.52,0.0,3.4
2018-11-13,Telangana,22.63,43.95,0.0,3.3
2018-11-14,Telangana,22.85,45.09,0.0,2.95
2018-11-15,Telangana,23.39,42.39,0.0,3.53
2018-11-16,Telangana,25.1,54.32,0.0,3.06
2018-11-17,Telangana,26.24,69.41,0.05,2.61
2018-11-18,Telangana,26.72,64.59,0.0,2.8
2018-11-19,Telangana,26.4,63.02,0.0,3.18
2018-11-20,Telangana,25.55,61.09,0.0,3.0
2018-11-21,Telangana,25.13,56.08,0.0,3.24
2018-11-22,Telangana,24.89,58.39,0.0,3.08
2018-11-23,Telangana,24.18,55.5,0.0,2.63
2018-11-24,Telangana,23.92,41.4,0.0,2.81
2018-11-25,Telangana,22.91,39.93,0.0,2.98
2018-11-26,Telangana,22.44,35.97,0.0,2.82
2018-11-27,Telangana,22.07,41.39,0.0,2.7
2018-11-28,Telangana,22.02,52.86,0.0,2.63
2018-11-29,Telangana,22.64,57.05,0.0,2.29
2018-11-30,Telangana,22.87,43.45,0.0,2.57
2018-12-01,Telangana,22.63,47.63,0.0,2.61
2018-12-02,Telangana,22.97,59.31,0.0,2.41
2018-12-03,Telangana,22.79,64.31,0.0,2.85
2018-12-04,Telangana,24.17,55.77,0.02,2.2
2018-12-05,Telangana,24.27,65.81,0.01,1.65
2018-12-06,Telangana,24.99,64.41,0.0,1.79
2018-12-07,Telangana,25.42,63.06,0.0,2.37
2018-12-08,Telangana,25.39,62.68,0.0,2.63
2018-12-09,Telangana,25.28,59.48,0.0,2.78
2018-12-10,Telangana,25.82,57.62,0.0,3.37
2018-12-11,Telangana,25.0,56.93,0.0,2.17
2018-12-12,Telangana,24.98,52.87,0.0,2.25
2018-12-13,Telangana,23.25,68.3,8.12,2.3
2018-12-14,Telangana,20.81,78.15,6.71,3.01
2018-12-15,Telangana,21.27,58.17,0.0,4.11
2018-12-16,Telangana,18.34,63.92,0.73,4.7
2018-12-17,Telangana,17.62,81.11,3.56,5.94
2018-12-18,Telangana,18.39,73.31,0.58,5.06
2018-12-19,Telangana,18.83,70.53,0.0,3.31
2018-12-20,Telangana,20.01,64.55,0.0,2.1
2018-12-21,Telangana,20.57,58.08,0.0,2.29
2018-12-22,Telangana,20.36,52.47,0.0,2.34
2018-12-23,Telangana,20.72,53.46,0.0,2.1
2018-12-24,Telangana,20.77,43.74,0.0,2.58
2018-12-25,Telangana,21.9,41.13,0.0,2.38
2018-12-26,Telangana,23.32,48.9,0.0,1.99
2018-12-27,Telangana,21.96,37.0,0.04,3.81
2018-12-28,Telangana,17.63,28.08,0.11,3.84
2018-12-29,Telangana,17.23,32.72,0.0,3.4
2018-12-30,Telangana,17.05,35.89,0.0,2.93
2018-12-31,Telangana,17.66,26.55,0.0,3.02
2019-01-01,Telangana,19.05,24.4,0.0,3.02
2019-01-02,Telangana,20.76,27.93,0.0,2.32
2019-01-03,Telangana,20.46,37.4,0.0,2.74
2019-01-04,Telangana,20.11,35.13,0.0,3.02
2019-01-05,Telangana,20.53,57.59,0.0,2.94
2019-01-06,Telangana,20.54,60.69,0.0,3.27
2019-01-07,Telangana,21.26,54.18,0.0,2.47
2019-01-08,Telangana,19.87,32.39,0.0,3.41
2019-01-09,Telangana,19.97,20.72,0.0,3.14
2019-01-10,Telangana,19.99,27.5,0.0,2.57
2019-01-11,Telangana,21.03,59.24,0.0,2.8
2019-01-12,Telangana,21.89,60.8,0.0,3.34
2019-01-13,Telangana,22.03,58.36,0.0,3.38
2019-01-14,Telangana,21.85,54.21,0.0,2.94
2019-01-15,Telangana,21.19,45.43,0.0,3.22
2019-01-16,Telangana,20.91,33.34,0.0,2.84
2019-01-17,Telangana,21.75,31.82,0.0,2.38
2019-01-18,Telangana,21.92,42.36,0.0,2.4
2019-01-19,Telangana,21.32,34.48,0.0,2.59
2019-01-20,Telangana,22.23,37.79,0.0,2.47
2019-01-21,Telangana,22.13,47.4,0.0,3.28
2019-01-22,Telangana,22.08,52.86,0.0,4.23
2019-01-23,Telangana,22.76,56.94,0.0,3.02
2019-01-24,Telangana,24.33,57.21,0.0,3.6
2019-01-25,Telangana,24.23,60.56,0.46,4.61
2019-01-26,Telangana,23.58,70.02,6.93,3.59
2019-01-27,Telangana,21.41,75.62,9.12,3.38
2019-01-28,Telangana,18.93,75.88,5.69,3.74
2019-01-29,Telangana,16.94,40.47,0.0,4.02
2019-01-30,Telangana,16.96,36.31,0.0,3.05
2019-01-31,Telangana,18.76,59.67,0.0,3.04
2019-02-01,Telangana,20.88,67.36,0.0,3.06
2019-02-02,Telangana,21.35,62.89,0.0,2.97
2019-02-03,Telangana,21.29,58.85,0.0,2.97
2019-02-04,Telangana,21.9,62.55,0.0,3.01
2019-02-05,Telangana,22.72,58.43,0.0,2.14
2019-02-06,Telangana,23.44,47.87,0.0,2.09
2019-02-07,Telangana,24.02,57.6,0.0,4.22
2019-02-08,Telangana,24.27,63.28,0.0,2.21
2019-02-09,Telangana,22.74,41.24,0.0,3.45
2019-02-10,Telangana,21.29,25.53,0.0,2.57
2019-02-11,Telangana,22.38,48.96,0.0,3.16
2019-02-12,Telangana,24.2,58.63,0.0,3.27
2019-02-13,Telangana,23.94,54.03,0.0,3.13
2019-02-14,Telangana,24.49,48.11,0.0,2.99
2019-02-15,Telangana,25.94,51.01,0.3,3.26
2019-02-16,Telangana,26.38,48.1,0.31,2.39
2019-02-17,Telangana,25.81,51.04,0.0,3.08
2019-02-18,Telangana,24.86,32.21,0.0,2.55
2019-02-19,Telangana,26.54,35.59,0.0,3.04
2019-02-20,Telangana,26.79,55.25,0.0,4.06
2019-02-21,Telangana,26.95,48.07,0.0,2.83
2019-02-22,Telangana,28.49,34.58,0.0,2.58
2019-02-23,Telangana,28.85,30.31,0.0,1.95
2019-02-24,Telangana,28.42,25.0,0.0,3.41
2019-02-25,Telangana,27.81,29.74,0.0,3.08
2019-02-26,Telangana,27.3,30.76,0.0,1.89
2019-02-27,Telangana,27.35,50.63,0.0,1.88
2019-02-28,Telangana,26.38,40.37,0.0,2.66
2019-03-01,Telangana,26.69,35.35,0.03,2.62
2019-03-02,Telangana,27.85,55.59,0.0,4.78
2019-03-03,Telangana,28.75,51.64,0.0,3.29
2019-03-04,Telangana,29.39,40.61,0.0,3.76
2019-03-05,Telangana,28.3,26.52,0.0,3.99
2019-03-06,Telangana,27.35,19.1,0.0,3.85
2019-03-07,Telangana,26.7,21.6,0.0,2.78
2019-03-08,Telangana,27.2,27.04,0.14,2.48
2019-03-09,Telangana,28.27,37.55,0.0,2.17
2019-03-10,Telangana,28.95,40.66,0.0,1.88
2019-03-11,Telangana,30.18,43.35,0.0,3.91
2019-03-12,Telangana,30.51,35.9,0.0,3.34
2019-03-13,Telangana,29.87,32.36,0.0,4.35
2019-03-14,Telangana,29.6,24.52,0.0,3.33
2019-03-15,Telangana,29.6,26.44,0.0,3.66
2019-03-16,Telangana,29.22,30.38,0.0,4.72
2019-03-17,Telangana,29.01,37.52,0.0,5.09
2019-03-18,Telangana,28.59,32.07,0.0,4.15
2019-03-19,Telangana,29.04,44.54,0.0,3.47
2019-03-20,Telangana,29.83,47.17,1.25,5.06
2019-03-21,Telangana,29.76,44.35,0.01,4.97
2019-03-22,Telangana,29.83,39.22,0.0,2.68
2019-03-23,Telangana,31.45,38.47,0.0,2.48
2019-03-24,Telangana,32.0,31.3,0.0,2.61
2019-03-25,Telangana,31.37,31.59,0.0,2.87
2019-03-26,Telangana,31.46,35.18,0.21,2.72
2019-03-27,Telangana,32.24,33.02,0.0,2.08
2019-03-28,Telangana,31.87,29.45,0.0,2.38
2019-03-29,Telangana,31.61,20.68,0.0,2.8
2019-03-30,Telangana,31.81,27.91,0.0,2.73
2019-03-31,Telangana,33.19,28.62,0.01,3.0
2019-04-01,Telangana,33.78,22.19,0.04,2.24
2019-04-02,Telangana,32.68,25.93,0.0,3.29
2019-04-03,Telangana,31.4,41.68,0.0,4.53
2019-04-04,Telangana,31.07,37.16,0.0,3.64
2019-04-05,Telangana,32.19,38.38,2.18,2.6
2019-04-06,Telangana,32.77,34.05,3.44,2.53
2019-04-07,Telangana,32.16,32.23,0.41,2.81
2019-04-08,Telangana,32.17,35.96,0.0,3.21
2019-04-09,Telangana,32.56,38.86,0.16,2.97
2019-04-10,Telangana,33.01,35.67,0.1,2.59
2019-04-11,Telangana,33.1,31.39,0.01,2.78
2019-04-12,Telangana,33.15,33.16,5.2,2.94
2019-04-13,Telangana,31.71,37.43,1.54,3.46
2019-04-14,Telangana,32.01,33.58,0.11,3.4
2019-04-15,Telangana,32.73,26.3,0.0,3.3
2019-04-16,Telangana,32.0,24.87,0.0,3.91
2019-04-17,Telangana,31.5,35.81,1.33,3.06
2019-04-18,Telangana,32.49,39.88,3.55,3.39
2019-04-19,Telangana,30.28,56.19,6.58,3.3
2019-04-20,Telangana,31.06,51.2,0.6,4.88
2019-04-21,Telangana,31.93,41.07,0.32,3.54
2019-04-22,Telangana,31.42,43.22,1.14,4.22
2019-04-23,Telangana,31.62,38.49,0.2,3.36
2019-04-24,Telangana,32.03,36.76,0.34,3.88
2019-04-25,Telangana,33.14,30.16,0.0,3.75
2019-04-26,Telangana,34.28,28.85,0.0,3.99
2019-04-27,Telangana,34.43,32.09,0.0,3.5
2019-04-28,Telangana,34.48,32.24,0.0,3.54
2019-04-29,Telangana,34.27,32.61,0.01,4.14
2019-04-30,Telangana,34.38,34.49,0.01,2.64
2019-05-01,Telangana,34.24,32.08,0.05,3.59
2019-05-02,Telangana,34.72,25.63,0.07,4.57
2019-05-03,Telangana,33.18,22.25,0.0,4.59
2019-05-04,Telangana,33.49,19.35,0.0,5.36
2019-05-05,Telangana,33.97,17.44,0.0,4.79
2019-05-06,Telangana,34.61,17.56,0.0,3.04
2019-05-07,Telangana,34.98,21.47,0.0,1.95
2019-05-08,Telangana,34.96,19.81,0.0,3.58
2019-05-09,Telangana,34.82,19.1,0.0,4.5
2019-05-10,Telangana,35.19,22.44,0.0,3.04
2019-05-11,Telangana,33.45,45.26,1.04,2.34
2019-05-12,Telangana,32.21,39.73,2.03,2.58
2019-05-13,Telangana,33.98,37.31,0.54,2.35
2019-05-14,Telangana,34.25,37.09,1.17,3.2
2019-05-15,Telangana,33.95,40.65,0.0,2.66
2019-05-16,Telangana,34.64,35.22,0.0,3.45
2019-05-17,Telangana,34.91,31.09,0.0,2.26
2019-05-18,Telangana,35.28,27.98,0.0,2.31
2019-05-19,Telangana,35.81,24.35,0.0,1.91
2019-05-20,Telangana,35.15,31.97,0.2,2.88
2019-05-21,Telangana,35.18,34.49,6.08,3.74
2019-05-22,Telangana,33.7,43.52,0.77,2.99
2019-05-23,Telangana,34.14,42.97,0.99,3.35
2019-05-24,Telangana,34.83,40.2,0.14,2.74
2019-05-25,Telangana,35.37,32.63,0.0,4.49
2019-05-26,Telangana,36.21,32.49,0.0,2.95
2019-05-27,Telangana,37.2,28.79,0.01,2.92
2019-05-28,Telangana,37.04,29.1,0.0,2.74
2019-05-29,Telangana,36.11,36.18,0.45,3.67
2019-05-30,Telangana,34.54,42.85,1.46,4.33
2019-05-31,Telangana,34.33,44.81,0.03,4.64
2019-06-01,Telangana,34.11,41.51,0.13,3.02
2019-06-02,Telangana,34.19,37.74,1.18,3.09
2019-06-03,Telangana,34.29,44.33,4.97,3.54
2019-06-04,Telangana,33.02,49.43,0.02,2.67
2019-06-05,Telangana,34.29,42.05,0.04,2.98
2019-06-06,Telangana,32.4,46.27,3.48,5.0
2019-06-07,Telangana,32.11,46.2,0.19,3.32
2019-06-08,Telangana,28.97,61.54,6.49,2.77
2019-06-09,Telangana,32.3,52.47,0.06,3.61
2019-06-10,Telangana,31.6,51.94,0.09,3.8
2019-06-11,Telangana,32.55,47.02,0.05,5.51
2019-06-12,Telangana,31.77,49.66,0.0,6.89
2019-06-13,Telangana,29.72,55.22,0.04,6.35
2019-06-14,Telangana,31.72,41.89,0.0,6.75
2019-06-15,Telangana,31.63,39.66,0.0,6.39
2019-06-16,Telangana,32.42,42.22,0.02,6.59
2019-06-17,Telangana,29.79,51.3,0.59,5.01
2019-06-18,Telangana,33.09,38.95,0.02,5.41
2019-06-19,Telangana,34.13,38.98,0.0,6.15
2019-06-20,Telangana,31.11,55.87,9.82,4.8
2019-06-21,Telangana,27.39,72.27,4.31,2.31
2019-06-22,Telangana,26.82,77.24,7.72,4.36
2019-06-23,Telangana,27.82,67.52,1.04,2.9
2019-06-24,Telangana,28.88,67.21,10.69,3.38
2019-06-25,Telangana,28.47,73.47,5.82,3.1
2019-06-26,Telangana,28.23,69.7,1.08,4.23
2019-06-27,Telangana,29.01,65.18,0.35,5.14
2019-06-28,Telangana,28.33,66.2,0.34,6.78
2019-06-29,Telangana,26.95,68.14,2.13,8.2
2019-06-30,Telangana,26.0,70.17,0.35,7.7
2019-07-01,Telangana,26.93,66.52,1.91,6.64
2019-07-02,Telangana,26.7,67.38,3.85,7.84
2019-07-03,Telangana,27.27,62.87,1.23,8.27
2019-07-04,Telangana,28.9,58.19,0.03,7.9
2019-07-05,Telangana,27.71,65.11,2.06,7.94
2019-07-06,Telangana,28.91,63.31,0.17,8.96
2019-07-07,Telangana,27.86,65.55,5.23,8.41
2019-07-08,Telangana,28.32,67.84,2.93,7.26
2019-07-09,Telangana,28.22,67.16,0.47,6.68
2019-07-10,Telangana,28.07,65.6,0.51,7.61
2019-07-11,Telangana,27.38,68.81,5.74,6.69
2019-07-12,Telangana,27.74,67.15,1.79,4.93
2019-07-13,Telangana,27.62,68.64,1.7,5.07
2019-07-14,Telangana,27.47,70.7,3.06,4.75
2019-07-15,Telangana,27.76,66.68,2.62,4.78
2019-07-16,Telangana,27.63,65.88,3.58,4.78
2019-07-17,Telangana,27.6,68.16,1.1,4.76
2019-07-18,Telangana,28.37,68.03,0.64,3.6
2019-07-19,Telangana,27.12,73.45,15.99,2.08
2019-07-20,Telangana,27.8,72.19,7.81,2.79
2019-07-21,Telangana,28.19,71.11,0.73,4.2
2019-07-22,Telangana,27.68,72.87,0.69,4.67
2019-07-23,Telangana,27.48,73.01,0.17,4.11
2019-07-24,Telangana,28.12,68.64,0.02,4.47
2019-07-25,Telangana,27.03,75.2,11.53,5.91
2019-07-26,Telangana,25.41,80.28,15.03,6.7
2019-07-27,Telangana,25.72,75.62,5.05,8.49
2019-07-28,Telangana,25.14,81.58,9.59,7.36
2019-07-29,Telangana,24.76,81.85,7.52,6.91
2019-07-30,Telangana,25.21,78.44,1.93,7.93
2019-07-31,Telangana,27.01,71.7,2.44,6.75
2019-08-01,Telangana,26.46,75.58,14.23,7.01
2019-08-02,Telangana,24.97,82.07,38.78,8.09
2019-08-03,Telangana,24.49,84.6,13.68,8.73
2019-08-04,Telangana,24.68,78.76,3.52,10.57
2019-08-05,Telangana,25.17,83.89,7.62,8.04
2019-08-06,Telangana,25.06,84.29,12.91,9.88
2019-08-07,Telangana,24.54,83.34,9.54,9.24
2019-08-08,Telangana,25.37,81.66,3.0,8.7
2019-08-09,Telangana,26.71,76.99,0.15,7.6
2019-08-10,Telangana,26.93,75.48,0.0,6.04
2019-08-11,Telangana,26.64,75.87,5.08,5.42
2019-08-12,Telangana,25.76,80.61,1.31,5.34
2019-08-13,Telangana,25.72,81.1,1.29,4.91
2019-08-14,Telangana,25.85,81.49,3.84,3.69
2019-08-15,Telangana,26.14,78.67,1.14,3.66
2019-08-16,Telangana,26.96,75.95,0.01,4.11
2019-08-17,Telangana,25.71,81.57,2.51,3.47
2019-08-18,Telangana,24.77,87.52,7.33,3.3
2019-08-19,Telangana,26.63,79.88,1.91,2.31
2019-08-20,Telangana,26.02,83.84,3.06,4.22
2019-08-21,Telangana,25.3,86.05,3.64,3.46
2019-08-22,Telangana,25.57,82.46,5.04,4.23
2019-08-23,Telangana,25.07,83.61,4.18,4.72
2019-08-24,Telangana,25.95,77.69,1.82,4.8
2019-08-25,Telangana,26.4,75.13,2.05,5.16
2019-08-26,Telangana,26.19,72.06,0.11,5.6
2019-08-27,Telangana,26.31,70.21,0.02,5.44
2019-08-28,Telangana,27.11,69.97,0.0,4.23
2019-08-29,Telangana,26.96,76.01,5.72,3.75
2019-08-30,Telangana,26.49,80.23,8.21,4.15
2019-08-31,Telangana,24.67,90.15,19.05,4.31
2019-09-01,Telangana,24.92,85.07,14.52,5.24
2019-09-02,Telangana,24.56,83.64,10.03,5.55
2019-09-03,Telangana,24.12,88.25,7.48,6.05
2019-09-04,Telangana,24.63,83.13,2.2,6.45
2019-09-05,Telangana,25.49,83.99,3.61,6.52
2019-09-06,Telangana,24.69,86.67,2.58,6.73
2019-09-07,Telangana,25.16,83.56,1.67,7.05
2019-09-08,Telangana,25.99,79.69,1.03,6.55
2019-09-09,Telangana,26.39,78.15,1.17,6.35
2019-09-10,Telangana,26.75,78.28,0.33,5.39
2019-09-11,Telangana,26.65,76.08,0.76,5.0
2019-09-12,Telangana,25.41,81.01,1.32,5.2
2019-09-13,Telangana,25.88,78.49,0.19,4.59
2019-09-14,Telangana,26.32,79.51,7.92,3.72
2019-09-15,Telangana,25.88,79.6,1.52,4.21
2019-09-16,Telangana,25.85,82.0,0.57,3.48
2019-09-17,Telangana,26.72,82.1,13.97,2.3
2019-09-18,Telangana,26.26,82.68,9.9,2.04
2019-09-19,Telangana,25.48,84.49,3.79,1.86
2019-09-20,Telangana,25.58,84.21,7.65,2.04
2019-09-21,Telangana,25.88,84.3,10.28,1.45
2019-09-22,Telangana,26.06,83.77,2.78,2.06
2019-09-23,Telangana,26.3,84.04,5.48,2.07
2019-09-24,Telangana,25.8,88.45,7.17,1.84
2019-09-25,Telangana,24.8,90.45,37.3,5.2
2019-09-26,Telangana,24.67,87.75,17.11,4.75
2019-09-27,Telangana,24.91,86.5,16.16,2.96
2019-09-28,Telangana,24.69,87.91,0.07,2.93
2019-09-29,Telangana,24.74,86.45,0.94,2.82
2019-09-30,Telangana,25.24,82.07,5.45,2.63
2019-10-01,Telangana,25.36,82.18,3.76,2.38
2019-10-02,Telangana,25.29,84.42,3.51,2.27
2019-10-03,Telangana,25.22,81.39,0.64,1.06
2019-10-04,Telangana,24.73,85.13,8.66,1.45
2019-10-05,Telangana,24.56,85.39,0.3,1.81
2019-10-06,Telangana,24.96,82.42,18.03,1.19
2019-10-07,Telangana,24.93,84.0,11.16,1.62
2019-10-08,Telangana,24.39,87.83,1.06,2.54
2019-10-09,Telangana,24.42,88.36,3.19,1.6
2019-10-10,Telangana,24.26,90.93,2.51,1.46
2019-10-11,Telangana,23.76,93.08,10.58,2.03
2019-10-12,Telangana,24.41,89.24,1.68,2.0
2019-10-13,Telangana,24.79,86.38,0.18,1.91
2019-10-14,Telangana,24.59,88.96,0.07,2.99
2019-10-15,Telangana,23.47,87.62,0.76,2.44
2019-10-16,Telangana,23.98,87.74,1.79,2.1
2019-10-17,Telangana,23.46,89.09,3.12,2.88
2019-10-18,Telangana,23.45,90.6,15.12,3.3
2019-10-19,Telangana,23.67,88.43,4.26,2.94
2019-10-20,Telangana,23.17,90.35,5.2,2.66
2019-10-21,Telangana,23.39,89.09,0.54,3.24
2019-10-22,Telangana,23.78,86.02,0.7,2.46
2019-10-23,Telangana,23.7,87.67,3.19,2.78
2019-10-24,Telangana,24.01,87.12,8.29,1.97
2019-10-25,Telangana,23.58,85.65,4.01,2.32
2019-10-26,Telangana,23.85,87.08,0.73,3.05
2019-10-27,Telangana,24.03,86.97,0.39,2.72
2019-10-28,Telangana,24.13,88.8,0.92,2.82
2019-10-29,Telangana,23.81,88.75,3.46,2.84
2019-10-30,Telangana,23.46,88.27,3.69,2.75
2019-10-31,Telangana,23.22,86.73,2.06,2.57
2019-11-01,Telangana,23.96,85.0,0.07,2.46
2019-11-02,Telangana,23.96,85.79,2.43,2.12
2019-11-03,Telangana,24.03,85.26,0.13,2.11
2019-11-04,Telangana,23.67,81.03,0.0,2.34
2019-11-05,Telangana,23.45,79.88,0.0,2.58
2019-11-06,Telangana,24.01,79.34,0.28,1.69
2019-11-07,Telangana,23.45,84.96,0.8,1.7
2019-11-08,Telangana,23.49,81.52,0.25,2.44
2019-11-09,Telangana,22.57,78.08,0.0,3.33
2019-11-10,Telangana,21.79,79.52,0.0,3.08
2019-11-11,Telangana,22.47,83.52,0.0,3.21
2019-11-12,Telangana,21.85,80.56,0.0,2.88
2019-11-13,Telangana,20.93,78.97,0.0,2.82
2019-11-14,Telangana,21.36,84.17,0.07,2.62
2019-11-15,Telangana,22.13,81.92,0.01,2.7
2019-11-16,Telangana,22.74,82.04,0.0,2.41
2019-11-17,Telangana,21.66,80.92,0.0,3.15
2019-11-18,Telangana,20.88,79.82,0.0,3.29
2019-11-19,Telangana,21.12,80.71,0.0,2.5
2019-11-20,Telangana,21.18,81.77,0.0,2.49
2019-11-21,Telangana,21.28,82.53,0.0,2.81
2019-11-22,Telangana,20.71,80.69,0.0,2.37
2019-11-23,Telangana,20.11,78.98,0.0,2.67
2019-11-24,Telangana,20.31,80.54,0.0,2.45
2019-11-25,Telangana,20.49,81.01,0.0,3.16
2019-11-26,Telangana,20.68,80.67,0.0,3.37
2019-11-27,Telangana,20.8,79.15,0.0,3.04
2019-11-28,Telangana,21.23,80.03,0.0,3.0
2019-11-29,Telangana,21.23,80.34,0.0,2.55
2019-11-30,Telangana,22.12,78.78,0.0,2.6
2019-12-01,Telangana,22.15,83.44,0.0,2.93
2019-12-02,Telangana,22.35,85.6,1.36,2.94
2019-12-03,Telangana,22.49,82.6,3.63,3.33
2019-12-04,Telangana,21.61,79.94,0.0,3.44
2019-12-05,Telangana,20.56,79.77,0.0,2.79
2019-12-06,Telangana,19.3,78.93,0.0,2.61
2019-12-07,Telangana,19.62,76.05,0.0,2.47
2019-12-08,Telangana,20.63,79.17,0.0,2.8
2019-12-09,Telangana,20.94,78.43,0.0,2.45
2019-12-10,Telangana,20.77,78.42,0.0,2.41
2019-12-11,Telangana,21.04,76.64,0.0,2.43
2019-12-12,Telangana,21.06,77.14,0.0,3.39
2019-12-13,Telangana,21.82,77.12,0.0,3.44
2019-12-14,Telangana,22.66,78.42,0.0,3.31
2019-12-15,Telangana,22.26,76.38,0.0,3.36
2019-12-16,Telangana,21.78,76.68,0.0,2.89
2019-12-17,Telangana,21.14,77.02,0.0,3.07
2019-12-18,Telangana,20.76,77.07,0.0,2.6
2019-12-19,Telangana,20.48,74.81,0.0,2.64
2019-12-20,Telangana,20.34,69.16,0.0,2.65
2019-12-21,Telangana,20.46,71.09,0.0,2.71
2019-12-22,Telangana,20.89,76.87,0.0,3.01
2019-12-23,Telangana,20.54,73.38,0.0,3.17
2019-12-24,Telangana,20.83,72.49,0.0,3.31
2019-12-25,Telangana,21.42,72.77,0.0,3.21
2019-12-26,Telangana,22.2,74.76,0.0,2.16
2019-12-27,Telangana,21.52,75.83,0.0,2.81
2019-12-28,Telangana,18.76,62.78,0.0,3.51
2019-12-29,Telangana,18.47,59.39,0.0,2.45
2019-12-30,Telangana,19.62,72.68,0.0,2.97
2019-12-31,Telangana,20.84,77.05,0.14,4.9
2020-01-01,Telangana,21.74,76.54,0.42,4.73
2020-01-02,Telangana,22.47,80.43,3.42,4.09
2020-01-03,Telangana,22.84,80.3,8.85,2.82
2020-01-04,Telangana,21.81,75.49,0.16,2.24
2020-01-05,Telangana,19.77,72.43,0.0,4.15
2020-01-06,Telangana,20.28,73.8,0.0,3.4
2020-01-07,Telangana,22.03,76.72,0.0,3.15
2020-01-08,Telangana,22.74,75.76,0.0,3.94
2020-01-09,Telangana,22.5,75.36,0.0,3.44
2020-01-10,Telangana,20.23,70.81,0.0,3.91
2020-01-11,Telangana,19.28,65.09,0.0,3.13
2020-01-12,Telangana,18.64,55.18,0.0,2.91
2020-01-13,Telangana,20.11,46.28,0.0,1.99
2020-01-14,Telangana,20.53,60.67,0.0,2.88
2020-01-15,Telangana,20.73,67.47,0.0,4.17
2020-01-16,Telangana,20.96,67.56,0.0,4.05
2020-01-17,Telangana,21.58,67.23,0.0,3.38
2020-01-18,Telangana,22.72,72.51,0.0,3.44
2020-01-19,Telangana,22.88,70.28,0.0,2.53
2020-01-20,Telangana,22.31,66.51,0.0,2.23
2020-01-21,Telangana,22.22,66.23,0.0,3.5
2020-01-22,Telangana,22.2,65.88,0.0,3.83
2020-01-23,Telangana,22.06,64.18,0.0,3.02
2020-01-24,Telangana,21.76,60.63,0.0,3.17
2020-01-25,Telangana,22.2,55.03,0.0,2.9
2020-01-26,Telangana,23.58,49.0,0.0,2.46
2020-01-27,Telangana,23.03,46.6,0.0,2.9
2020-01-28,Telangana,24.53,58.2,0.0,3.89
2020-01-29,Telangana,25.23,54.49,0.0,2.74
2020-01-30,Telangana,22.92,55.47,0.09,3.38
2020-01-31,Telangana,22.83,48.79,0.0,2.85
2020-02-01,Telangana,24.59,61.4,0.0,3.75
2020-02-02,Telangana,24.25,64.01,0.0,3.34
2020-02-03,Telangana,24.4,63.62,0.0,3.61
2020-02-04,Telangana,24.33,60.2,0.0,3.95
2020-02-05,Telangana,24.89,56.77,0.0,2.7
2020-02-06,Telangana,24.92,54.76,0.0,3.05
2020-02-07,Telangana,25.81,53.91,0.0,3.7
2020-02-08,Telangana,23.87,67.18,2.2,4.23
2020-02-09,Telangana,21.16,72.03,1.26,4.38
2020-02-10,Telangana,22.6,70.15,0.27,4.11
2020-02-11,Telangana,23.24,67.4,0.0,4.22
2020-02-12,Telangana,23.34,63.07,0.0,3.02
2020-02-13,Telangana,22.6,41.81,0.0,3.65
2020-02-14,Telangana,23.31,32.45,0.0,3.2
2020-02-15,Telangana,24.84,30.19,0.0,2.37
2020-02-16,Telangana,24.11,35.11,0.0,3.15
2020-02-17,Telangana,24.15,32.0,0.0,3.29
2020-02-18,Telangana,23.37,25.43,0.0,3.84
2020-02-19,Telangana,23.92,33.77,0.0,3.01
2020-02-20,Telangana,24.68,57.47,0.0,4.24
2020-02-21,Telangana,23.87,51.78,0.0,4.25
2020-02-22,Telangana,24.37,51.74,0.0,3.86
2020-02-23,Telangana,24.65,52.06,0.0,3.79
2020-02-24,Telangana,26.43,49.06,0.0,3.15
2020-02-25,Telangana,25.86,48.24,0.0,3.48
2020-02-26,Telangana,24.29,30.97,0.0,3.83
2020-02-27,Telangana,24.07,28.3,0.0,3.46
2020-02-28,Telangana,24.9,46.09,0.0,3.26
2020-02-29,Telangana,25.98,54.49,0.0,2.96
2020-03-01,Telangana,26.74,52.48,2.42,3.01
2020-03-02,Telangana,27.26,44.95,0.71,1.99
2020-03-03,Telangana,27.8,42.34,0.0,2.95
2020-03-04,Telangana,27.99,34.47,0.01,2.12
2020-03-05,Telangana,27.32,47.62,0.95,2.63
2020-03-06,Telangana,26.85,54.74,1.68,4.8
2020-03-07,Telangana,27.05,57.54,1.03,3.07
2020-03-08,Telangana,27.41,52.07,0.58,2.31
2020-03-09,Telangana,27.28,54.72,0.12,2.49
2020-03-10,Telangana,28.47,48.42,0.0,3.76
2020-03-11,Telangana,28.43,50.08,0.66,3.76
2020-03-12,Telangana,27.97,49.43,0.42,3.73
2020-03-13,Telangana,28.38,47.98,0.06,4.99
2020-03-14,Telangana,28.64,44.36,0.0,2.78
2020-03-15,Telangana,28.16,48.77,0.0,3.65
2020-03-16,Telangana,28.13,47.8,0.0,2.83
2020-03-17,Telangana,28.73,44.15,0.0,3.62
2020-03-18,Telangana,29.73,35.86,0.06,1.97
2020-03-19,Telangana,28.32,44.03,5.26,2.61
2020-03-20,Telangana,28.6,47.16,0.79,2.67
2020-03-21,Telangana,28.2,39.82,0.0,3.26
2020-03-22,Telangana,27.71,31.9,0.0,2.11
2020-03-23,Telangana,28.65,38.63,0.07,2.62
2020-03-24,Telangana,29.41,44.06,0.0,3.37
2020-03-25,Telangana,29.58,41.97,0.0,3.54
2020-03-26,Telangana,29.43,42.13,0.0,3.04
2020-03-27,Telangana,30.01,35.74,0.0,3.34
2020-03-28,Telangana,30.51,32.69,0.65,2.47
2020-03-29,Telangana,31.15,34.76,1.15,1.67
2020-03-30,Telangana,30.91,36.64,0.05,2.7
2020-03-31,Telangana,31.54,33.89,0.0,1.61
2020-04-01,Telangana,31.95,31.32,0.0,2.29
2020-04-02,Telangana,32.47,29.79,0.11,2.35
2020-04-03,Telangana,31.72,36.5,0.33,3.46
2020-04-04,Telangana,29.12,42.23,0.77,1.93
2020-04-05,Telangana,31.1,34.65,0.0,3.62
2020-04-06,Telangana,31.34,42.15,2.43,2.37
2020-04-07,Telangana,31.9,39.14,0.11,2.58
2020-04-08,Telangana,32.34,34.36,0.01,2.91
2020-04-09,Telangana,30.81,42.28,4.57,3.24
2020-04-10,Telangana,30.12,44.14,0.62,2.97
2020-04-11,Telangana,30.63,38.58,0.0,2.95
2020-04-12,Telangana,31.7,33.31,0.0,2.81
2020-04-13,Telangana,32.07,32.41,0.0,3.2
2020-04-14,Telangana,32.04,28.71,0.0,3.74
2020-04-15,Telangana,31.57,30.19,0.0,3.22
2020-04-16,Telangana,32.18,28.53,0.0,3.41
2020-04-17,Telangana,32.41,34.02,0.11,3.43
2020-04-18,Telangana,32.7,37.07,0.2,3.8
2020-04-19,Telangana,32.2,37.94,0.56,3.34
2020-04-20,Telangana,32.62,37.03,0.97,3.37
2020-04-21,Telangana,32.59,34.35,0.52,3.41
2020-04-22,Telangana,32.93,35.75,0.06,4.48
2020-04-23,Telangana,33.55,41.24,0.0,3.96
2020-04-24,Telangana,33.64,42.65,0.65,4.6
2020-04-25,Telangana,33.98,39.51,0.17,3.62
2020-04-26,Telangana,32.39,50.3,3.28,4.6
2020-04-27,Telangana,31.02,55.19,2.75,4.86
2020-04-28,Telangana,30.05,54.12,2.34,4.11
2020-04-29,Telangana,30.93,47.78,1.02,3.07
2020-04-30,Telangana,32.38,39.26,0.0,2.78
2020-05-01,Telangana,32.99,40.39,2.97,2.62
2020-05-02,Telangana,31.73,47.3,5.94,2.61
2020-05-03,Telangana,32.77,39.84,0.0,2.99
2020-05-04,Telangana,33.87,38.86,0.22,2.49
2020-05-05,Telangana,34.33,35.77,0.0,3.43
2020-05-06,Telangana,33.89,39.63,0.2,3.58
2020-05-07,Telangana,32.61,45.49,2.27,3.99
2020-05-08,Telangana,32.04,46.92,3.64,3.0
2020-05-09,Telangana,33.41,41.13,0.13,3.0
2020-05-10,Telangana,32.87,39.68,0.07,3.08
2020-05-11,Telangana,32.81,37.24,0.0,3.16
2020-05-12,Telangana,32.45,42.94,4.31,3.62
2020-05-13,Telangana,31.96,46.62,0.83,3.34
2020-05-14,Telangana,32.93,40.43,0.0,3.74
2020-05-15,Telangana,33.44,38.22,0.0,2.98
2020-05-16,Telangana,33.24,43.75,5.24,2.42
2020-05-17,Telangana,32.2,52.34,4.36,2.64
2020-05-18,Telangana,32.86,42.75,0.56,3.08
2020-05-19,Telangana,33.33,34.35,2.56,4.91
2020-05-20,Telangana,33.75,28.32,0.0,3.74
2020-05-21,Telangana,33.04,17.84,0.0,5.2
2020-05-22,Telangana,33.98,18.43,0.0,3.64
2020-05-23,Telangana,34.75,24.63,0.0,2.94
2020-05-24,Telangana,34.19,39.13,0.0,2.73
2020-05-25,Telangana,34.8,38.02,0.0,3.59
2020-05-26,Telangana,35.17,40.91,0.0,3.37
2020-05-27,Telangana,35.93,34.75,0.0,3.51
2020-05-28,Telangana,37.04,26.36,0.0,4.0
2020-05-29,Telangana,36.36,30.29,0.96,4.38
2020-05-30,Telangana,33.47,39.98,2.25,4.03
2020-05-31,Telangana,31.61,51.06,7.7,3.03
2020-06-01,Telangana,28.46,70.01,8.15,1.64
2020-06-02,Telangana,26.02,75.77,12.94,2.76
2020-06-03,Telangana,27.05,75.31,3.82,4.09
2020-06-04,Telangana,28.92,63.84,1.42,6.5
2020-06-05,Telangana,29.92,57.46,0.43,4.76
2020-06-06,Telangana,30.06,51.0,0.0,6.04
2020-06-07,Telangana,30.14,53.75,0.0,5.39
2020-06-08,Telangana,30.42,50.88,0.0,5.35
2020-06-09,Telangana,30.18,50.68,5.62,4.58
2020-06-10,Telangana,28.15,72.59,24.41,4.33
2020-06-11,Telangana,25.58,82.61,28.85,6.29
2020-06-12,Telangana,24.48,80.39,5.56,5.05
2020-06-13,Telangana,27.37,71.55,0.1,6.03
2020-06-14,Telangana,27.88,69.76,0.75,4.58
2020-06-15,Telangana,28.11,70.47,2.74,5.89
2020-06-16,Telangana,27.6,75.42,8.34,5.26
2020-06-17,Telangana,26.76,78.38,11.84,6.17
2020-06-18,Telangana,27.35,72.86,9.3,6.37
2020-06-19,Telangana,27.5,73.26,0.99,6.07
2020-06-20,Telangana,26.86,74.46,3.37,6.2
2020-06-21,Telangana,26.55,75.31,0.55,6.03
2020-06-22,Telangana,27.53,70.05,1.03,5.79
2020-06-23,Telangana,27.3,71.25,1.31,4.17
2020-06-24,Telangana,28.71,65.54,0.53,2.66
2020-06-25,Telangana,28.87,64.04,0.59,3.28
2020-06-26,Telangana,28.65,67.8,0.07,3.02
2020-06-27,Telangana,27.87,75.38,15.65,2.47
2020-06-28,Telangana,26.99,82.55,9.62,2.09
2020-06-29,Telangana,26.16,84.38,15.88,2.19
2020-06-30,Telangana,26.86,80.84,1.4,1.55
2020-07-01,Telangana,27.24,76.6,4.04,4.12
2020-07-02,Telangana,25.56,81.86,19.25,6.14
2020-07-03,Telangana,25.88,81.11,5.62,6.41
2020-07-04,Telangana,24.29,84.91,6.48,5.79
2020-07-05,Telangana,25.59,80.0,11.46,7.06
2020-07-06,Telangana,25.51,80.82,2.55,5.28
2020-07-07,Telangana,26.14,78.17,1.31,5.42
2020-07-08,Telangana,27.11,75.73,2.52,4.18
2020-07-09,Telangana,25.75,78.63,4.82,4.16
2020-07-10,Telangana,25.35,83.47,17.71,4.76
2020-07-11,Telangana,26.28,79.78,1.16,4.15
2020-07-12,Telangana,26.18,78.87,5.36,4.39
2020-07-13,Telangana,24.92,87.2,11.08,3.71
2020-07-14,Telangana,24.85,87.13,11.66,2.26
2020-07-15,Telangana,24.88,88.33,32.2,4.84
2020-07-16,Telangana,25.1,82.96,6.41,7.23
2020-07-17,Telangana,25.68,79.13,1.32,4.78
2020-07-18,Telangana,26.3,80.84,0.59,3.09
2020-07-19,Telangana,26.16,85.07,13.17,2.9
2020-07-20,Telangana,26.22,83.06,5.13,3.62
2020-07-21,Telangana,26.07,84.41,2.27,2.37
2020-07-22,Telangana,26.05,85.43,14.85,3.04
2020-07-23,Telangana,24.75,88.12,19.3,2.26
2020-07-24,Telangana,24.42,89.86,16.41,2.87
2020-07-25,Telangana,24.78,85.85,2.17,2.77
2020-07-26,Telangana,25.62,79.99,0.02,3.31
2020-07-27,Telangana,26.07,81.76,0.0,3.93
2020-07-28,Telangana,25.73,87.42,11.63,2.57
2020-07-29,Telangana,26.07,84.93,9.57,2.25
2020-07-30,Telangana,26.8,81.06,2.62,2.23
2020-07-31,Telangana,26.39,85.36,7.07,2.86
2020-08-01,Telangana,25.96,86.1,11.3,2.87
2020-08-02,Telangana,25.97,86.15,6.18,4.27
2020-08-03,Telangana,24.93,88.64,6.4,5.47
2020-08-04,Telangana,24.97,86.51,3.22,7.6
2020-08-05,Telangana,25.04,88.27,4.03,6.0
2020-08-06,Telangana,26.41,82.3,1.17,5.84
2020-08-07,Telangana,26.03,84.99,1.89,5.03
2020-08-08,Telangana,25.81,84.65,0.22,4.98
2020-08-09,Telangana,25.33,86.07,8.61,5.56
2020-08-10,Telangana,25.29,84.75,17.09,5.28
2020-08-11,Telangana,25.43,85.34,6.35,5.55
2020-08-12,Telangana,24.54,88.65,19.9,6.31
2020-08-13,Telangana,24.57,88.66,28.81,7.0
2020-08-14,Telangana,24.32,87.73,16.82,7.55
2020-08-15,Telangana,23.92,91.99,48.39,6.76
2020-08-16,Telangana,24.17,89.18,27.44,6.34
2020-08-17,Telangana,24.73,85.76,6.02,6.39
2020-08-18,Telangana,25.28,86.92,3.71,5.42
2020-08-19,Telangana,25.06,88.98,24.88,4.52
2020-08-20,Telangana,24.74,90.22,17.38,6.49
2020-08-21,Telangana,25.04,87.83,6.81,6.58
2020-08-22,Telangana,25.21,87.39,0.56,5.16
2020-08-23,Telangana,25.79,85.44,2.32,3.8
2020-08-24,Telangana,25.71,85.91,1.03,4.08
2020-08-25,Telangana,25.71,85.53,2.42,3.32
2020-08-26,Telangana,24.92,89.34,6.06,2.99
2020-08-27,Telangana,24.23,90.86,7.22,3.25
2020-08-28,Telangana,24.9,86.84,1.07,3.34
2020-08-29,Telangana,25.75,85.18,3.89,3.97
2020-08-30,Telangana,25.47,85.73,0.46,3.71
2020-08-31,Telangana,25.46,84.37,0.0,3.02
2020-09-01,Telangana,25.45,89.69,0.01,3.35
2020-09-02,Telangana,24.44,90.96,8.39,2.74
2020-09-03,Telangana,24.38,88.68,0.33,1.79
2020-09-04,Telangana,25.29,88.03,0.21,2.76
2020-09-05,Telangana,25.94,84.5,0.36,2.09
2020-09-06,Telangana,25.82,83.88,0.72,2.21
2020-09-07,Telangana,26.35,80.4,0.51,1.87
2020-09-08,Telangana,26.13,82.93,2.72,1.42
2020-09-09,Telangana,25.86,85.19,0.94,1.76
2020-09-10,Telangana,25.88,82.84,3.64,1.24
2020-09-11,Telangana,25.8,84.5,3.59,1.95
2020-09-12,Telangana,24.61,88.85,14.16,2.76
2020-09-13,Telangana,24.52,91.54,33.01,3.33
2020-09-14,Telangana,24.99,90.18,19.34,3.51
2020-09-15,Telangana,25.3,91.64,15.1,2.91
2020-09-16,Telangana,25.79,88.03,16.19,2.26
2020-09-17,Telangana,25.6,90.02,15.35,1.69
2020-09-18,Telangana,26.13,86.8,4.74,1.28
2020-09-19,Telangana,25.54,90.06,9.82,2.1
2020-09-20,Telangana,24.69,92.97,11.84,3.52
2020-09-21,Telangana,24.41,90.89,3.32,5.3
2020-09-22,Telangana,23.97,91.53,3.31,5.59
2020-09-23,Telangana,24.5,86.41,0.1,5.67
2020-09-24,Telangana,24.71,88.75,0.12,4.47
2020-09-25,Telangana,25.08,90.78,25.1,3.24
2020-09-26,Telangana,24.36,93.6,17.49,4.27
2020-09-27,Telangana,23.32,85.93,0.5,3.81
2020-09-28,Telangana,24.39,87.33,0.05,3.04
2020-09-29,Telangana,24.26,91.29,1.99,3.23
2020-09-30,Telangana,24.01,91.15,1.97,3.16
2020-10-01,Telangana,24.16,87.8,2.3,4.15
2020-10-02,Telangana,24.23,88.61,0.16,3.95
2020-10-03,Telangana,24.85,87.26,0.0,3.58
2020-10-04,Telangana,24.01,86.85,0.0,4.24
2020-10-05,Telangana,24.35,88.16,0.0,4.28
2020-10-06,Telangana,23.78,82.12,0.04,3.97
2020-10-07,Telangana,22.05,84.17,1.98,3.98
2020-10-08,Telangana,23.76,86.45,0.55,2.4
2020-10-09,Telangana,25.12,87.47,7.06,1.97
2020-10-10,Telangana,25.25,87.23,3.23,1.25
2020-10-11,Telangana,24.21,92.84,10.09,2.55
2020-10-12,Telangana,24.05,90.53,1.61,2.04
2020-10-13,Telangana,24.03,92.66,65.73,5.84
2020-10-14,Telangana,24.75,92.86,32.61,4.31
2020-10-15,Telangana,24.82,90.92,3.93,3.09
2020-10-16,Telangana,25.13,86.06,1.77,2.13
2020-10-17,Telangana,25.31,86.23,12.54,1.33
2020-10-18,Telangana,25.18,88.22,17.32,2.56
2020-10-19,Telangana,24.61,90.58,9.11,2.55
2020-10-20,Telangana,24.53,91.32,9.01,1.97
2020-10-21,Telangana,24.67,89.51,2.26,2.04
2020-10-22,Telangana,24.28,86.04,0.16,2.78
2020-10-23,Telangana,24.62,82.76,0.0,2.09
2020-10-24,Telangana,24.84,78.95,0.0,1.79
2020-10-25,Telangana,24.17,83.28,0.02,2.27
2020-10-26,Telangana,22.47,84.34,0.0,2.87
2020-10-27,Telangana,22.0,83.57,0.0,3.12
2020-10-28,Telangana,21.99,81.08,0.0,2.71
2020-10-29,Telangana,22.08,81.98,0.0,2.64
2020-10-30,Telangana,22.36,83.92,0.0,2.98
2020-10-31,Telangana,21.7,83.34,0.0,3.08
2020-11-01,Telangana,21.02,82.45,0.0,3.18
2020-11-02,Telangana,22.49,86.95,0.0,3.34
2020-11-03,Telangana,22.41,86.91,0.03,3.73
2020-11-04,Telangana,20.04,76.81,0.0,3.79
2020-11-05,Telangana,19.66,70.55,0.0,3.24
2020-11-06,Telangana,20.67,82.8,0.1,3.07
2020-11-07,Telangana,22.53,88.92,0.06,3.19
2020-11-08,Telangana,20.86,81.79,0.0,3.05
2020-11-09,Telangana,18.11,79.21,0.0,3.25
2020-11-10,Telangana,17.75,81.19,0.0,3.31
2020-11-11,Telangana,19.99,85.99,0.76,3.64
2020-11-12,Telangana,22.43,91.5,1.31,3.63
2020-11-13,Telangana,22.93,87.57,0.01,3.13
2020-11-14,Telangana,21.99,85.19,0.0,2.36
2020-11-15,Telangana,22.12,87.14,0.0,3.23
2020-11-16,Telangana,22.52,87.15,0.01,3.6
2020-11-17,Telangana,21.98,86.55,0.01,3.21
2020-11-18,Telangana,21.73,88.88,0.0,2.84
2020-11-19,Telangana,22.46,87.47,0.0,2.75
2020-11-20,Telangana,23.28,85.02,0.0,2.23
2020-11-21,Telangana,23.24,86.04,0.0,1.99
2020-11-22,Telangana,21.83,85.09,0.0,3.5
2020-11-23,Telangana,20.08,81.4,0.0,3.03
2020-11-24,Telangana,19.55,79.27,0.0,2.84
2020-11-25,Telangana,20.05,83.14,0.29,3.75
2020-11-26,Telangana,19.5,92.69,4.23,4.48
2020-11-27,Telangana,19.7,90.39,5.66,5.86
2020-11-28,Telangana,21.1,89.58,0.74,4.67
2020-11-29,Telangana,22.03,87.15,0.02,3.18
2020-11-30,Telangana,21.51,84.29,0.0,2.0
2020-12-01,Telangana,20.99,82.88,0.0,1.99
2020-12-02,Telangana,20.48,81.67,0.0,2.24
2020-12-03,Telangana,19.91,81.26,0.0,2.46
2020-12-04,Telangana,20.33,82.8,0.0,2.33
2020-12-05,Telangana,20.05,81.39,0.0,2.7
2020-12-06,Telangana,19.27,74.47,0.0,2.74
2020-12-07,Telangana,19.43,73.81,0.0,2.84
2020-12-08,Telangana,19.63,76.83,0.0,2.38
2020-12-09,Telangana,20.05,75.35,0.0,1.72
2020-12-10,Telangana,19.63,78.08,0.0,2.06
2020-12-11,Telangana,19.04,80.44,0.0,2.52
2020-12-12,Telangana,19.15,83.56,0.0,2.7
2020-12-13,Telangana,19.59,83.11,0.0,2.36
2020-12-14,Telangana,19.87,83.02,0.0,2.61
2020-12-15,Telangana,19.76,84.22,0.0,3.05
2020-12-16,Telangana,20.25,85.66,0.0,2.75
2020-12-17,Telangana,20.61,83.01,0.0,2.08
2020-12-18,Telangana,19.47,81.84,0.0,2.79
2020-12-19,Telangana,18.04,78.81,0.0,3.07
2020-12-20,Telangana,16.95,72.48,0.0,3.0
2020-12-21,Telangana,16.21,61.43,0.0,2.33
2020-12-22,Telangana,16.81,64.48,0.0,1.85
2020-12-23,Telangana,16.76,79.48,0.0,2.32
2020-12-24,Telangana,16.96,80.77,0.0,2.54
2020-12-25,Telangana,18.14,79.93,0.0,2.48
2020-12-26,Telangana,18.42,79.78,0.0,2.07
2020-12-27,Telangana,18.57,72.49,0.0,1.53
2020-12-28,Telangana,18.18,80.22,0.0,2.38
2020-12-29,Telangana,18.7,78.48,0.0,2.3
2020-12-30,Telangana,18.58,82.33,0.0,2.72
2020-12-31,Telangana,19.22,84.83,0.0,2.68
2021-01-01,Telangana,19.23,86.43,0.01,2.87
2021-01-02,Telangana,18.29,87.87,0.0,2.83
2021-01-03,Telangana,17.98,83.71,0.0,2.96
2021-01-04,Telangana,18.42,82.88,0.0,3.19
2021-01-05,Telangana,20.39,85.31,0.0,2.91
2021-01-06,Telangana,21.86,87.96,0.71,2.73
2021-01-07,Telangana,22.06,86.52,0.39,2.79
2021-01-08,Telangana,21.7,80.89,0.02,3.48
2021-01-09,Telangana,20.58,77.24,0.0,3.56
2021-01-10,Telangana,21.03,73.59,0.0,2.58
2021-01-11,Telangana,21.86,70.32,0.0,2.32
2021-01-12,Telangana,22.73,74.11,0.0,2.28
2021-01-13,Telangana,21.9,76.56,0.0,2.32
2021-01-14,Telangana,21.37,72.56,0.0,2.29
2021-01-15,Telangana,21.0,76.0,0.0,2.21
2021-01-16,Telangana,21.2,77.04,0.0,2.43
2021-01-17,Telangana,21.28,73.32,0.0,2.52
2021-01-18,Telangana,20.9,80.98,0.0,2.75
2021-01-19,Telangana,21.59,77.71,0.0,2.36
2021-01-20,Telangana,21.97,70.6,0.0,1.95
2021-01-21,Telangana,22.24,66.83,0.0,1.97
2021-01-22,Telangana,21.66,68.54,0.0,2.39
2021-01-23,Telangana,21.3,64.7,0.0,1.98
2021-01-24,Telangana,21.98,69.78,0.0,2.25
2021-01-25,Telangana,22.02,68.92,0.0,2.1
2021-01-26,Telangana,22.18,67.85,0.0,2.34
2021-01-27,Telangana,21.93,70.07,0.0,2.74
2021-01-28,Telangana,21.93,73.48,0.0,3.34
2021-01-29,Telangana,22.67,73.4,0.0,2.8
2021-01-30,Telangana,22.48,71.91,0.0,1.94
2021-01-31,Telangana,21.34,61.0,0.0,2.5
2021-02-01,Telangana,20.2,65.22,0.0,2.6
2021-02-02,Telangana,19.71,45.16,0.0,2.54
2021-02-03,Telangana,20.85,52.69,0.0,2.09
2021-02-04,Telangana,20.51,58.63,0.0,2.78
2021-02-05,Telangana,20.76,61.55,0.0,2.5
2021-02-06,Telangana,20.97,58.19,0.0,2.44
2021-02-07,Telangana,19.82,49.88,0.0,3.94
2021-02-08,Telangana,19.72,47.68,0.0,3.26
2021-02-09,Telangana,21.66,46.2,0.0,1.79
2021-02-10,Telangana,21.65,50.47,0.0,1.98
2021-02-11,Telangana,21.42,58.63,0.0,2.95
2021-02-12,Telangana,21.86,62.35,0.0,2.92
2021-02-13,Telangana,21.84,60.95,0.0,3.19
2021-02-14,Telangana,22.11,57.45,0.0,2.97
2021-02-15,Telangana,22.8,53.93,0.0,2.58
2021-02-16,Telangana,23.2,50.74,0.0,3.38
2021-02-17,Telangana,22.93,54.74,0.0,3.97
2021-02-18,Telangana,22.45,65.61,0.08,3.6
2021-02-19,Telangana,21.81,69.61,1.69,2.67
2021-02-20,Telangana,21.95,63.58,0.11,3.72
2021-02-21,Telangana,22.32,67.98,0.0,3.32
2021-02-22,Telangana,23.67,62.84,0.01,1.83
2021-02-23,Telangana,24.47,45.37,0.0,2.61
2021-02-24,Telangana,24.73,36.64,0.0,2.41
2021-02-25,Telangana,25.89,34.31,0.0,1.78
2021-02-26,Telangana,26.72,30.95,0.0,1.62
2021-02-27,Telangana,26.46,34.82,0.0,2.16
2021-02-28,Telangana,26.66,31.0,0.0,1.84
2021-03-01,Telangana,27.1,33.2,0.0,2.42
2021-03-02,Telangana,26.59,35.96,0.0,3.23
2021-03-03,Telangana,25.82,28.39,0.0,3.51
2021-03-04,Telangana,25.5,29.38,0.0,2.87
2021-03-05,Telangana,25.61,36.01,0.0,2.73
2021-03-06,Telangana,26.44,29.78,0.0,2.38
2021-03-07,Telangana,26.56,32.64,0.0,3.15
2021-03-08,Telangana,26.65,35.07,0.0,3.76
2021-03-09,Telangana,26.56,44.27,0.0,3.66
2021-03-10,Telangana,27.11,38.74,0.0,3.53
2021-03-11,Telangana,26.66,35.43,0.0,4.06
2021-03-12,Telangana,26.3,32.55,0.0,3.99
2021-03-13,Telangana,26.15,31.89,0.0,3.21
2021-03-14,Telangana,26.73,30.17,0.0,3.23
2021-03-15,Telangana,27.43,32.99,0.0,2.91
2021-03-16,Telangana,28.01,34.9,0.0,2.73
2021-03-17,Telangana,28.8,34.15,0.0,2.66
2021-03-18,Telangana,29.01,37.62,0.0,3.21
2021-03-19,Telangana,27.76,36.91,0.0,2.26
2021-03-20,Telangana,28.65,35.97,0.0,2.57
2021-03-21,Telangana,29.05,32.58,0.0,2.59
2021-03-22,Telangana,29.59,32.38,0.0,3.31
2021-03-23,Telangana,29.49,34.75,0.0,3.24
2021-03-24,Telangana,29.7,30.79,0.0,2.59
2021-03-25,Telangana,30.07,26.59,0.0,3.34
2021-03-26,Telangana,29.88,24.91,0.0,3.27
2021-03-27,Telangana,30.31,24.33,0.0,2.31
2021-03-28,Telangana,30.66,22.48,0.0,1.96
2021-03-29,Telangana,30.37,27.59,0.0,2.59
2021-03-30,Telangana,31.0,22.4,0.0,3.16
2021-03-31,Telangana,30.98,13.75,0.0,4.59
2021-04-01,Telangana,31.29,18.24,0.0,3.9
2021-04-02,Telangana,31.38,17.14,0.0,3.53
2021-04-03,Telangana,31.92,15.31,0.0,1.64
2021-04-04,Telangana,31.1,26.84,0.01,2.41
2021-04-05,Telangana,30.57,26.82,0.0,3.34
2021-04-06,Telangana,30.81,42.01,0.05,3.66
2021-04-07,Telangana,31.35,33.15,0.0,3.25
2021-04-08,Telangana,32.14,28.92,0.0,2.6
2021-04-09,Telangana,31.11,33.9,0.01,2.29
2021-04-10,Telangana,30.09,42.51,0.13,3.8
2021-04-11,Telangana,30.44,40.95,0.05,3.44
2021-04-12,Telangana,30.74,40.08,4.0,2.59
2021-04-13,Telangana,30.51,45.2,4.44,2.55
2021-04-14,Telangana,28.88,53.71,3.4,2.1
2021-04-15,Telangana,29.65,48.18,0.06,1.84
2021-04-16,Telangana,30.32,43.38,0.0,3.41
2021-04-17,Telangana,30.99,39.42,0.0,3.23
2021-04-18,Telangana,32.02,38.17,0.01,2.57
2021-04-19,Telangana,32.75,36.86,0.07,2.8
2021-04-20,Telangana,32.94,38.24,0.45,4.78
2021-04-21,Telangana,32.32,39.44,0.94,3.95
2021-04-22,Telangana,31.43,43.56,1.72,2.5
2021-04-23,Telangana,29.33,53.74,4.03,2.26
2021-04-24,Telangana,30.63,42.92,0.03,2.66
2021-04-25,Telangana,31.37,41.47,0.0,2.87
2021-04-26,Telangana,31.34,41.03,0.05,2.3
2021-04-27,Telangana,32.68,35.64,0.07,2.22
2021-04-28,Telangana,32.52,37.96,0.1,1.95
2021-04-29,Telangana,33.45,31.99,0.02,2.28
2021-04-30,Telangana,33.29,32.99,0.0,3.4
2021-05-01,Telangana,32.04,40.19,2.28,3.75
2021-05-02,Telangana,31.78,42.03,0.16,2.61
2021-05-03,Telangana,31.63,40.08,1.23,1.98
2021-05-04,Telangana,31.4,41.31,1.82,2.61
2021-05-05,Telangana,31.87,42.64,0.74,2.83
2021-05-06,Telangana,32.15,43.69,0.36,4.56
2021-05-07,Telangana,32.45,41.59,0.02,4.26
2021-05-08,Telangana,32.02,44.77,0.05,3.64
2021-05-09,Telangana,32.89,40.17,0.0,3.25
2021-05-10,Telangana,32.87,44.17,1.99,2.88
2021-05-11,Telangana,33.0,46.8,4.71,2.54
2021-05-12,Telangana,33.52,44.56,1.05,2.86
2021-05-13,Telangana,32.04,46.28,1.95,4.24
2021-05-14,Telangana,32.34,47.03,0.3,3.2
2021-05-15,Telangana,29.63,62.84,0.03,7.74
2021-05-16,Telangana,28.1,70.35,0.8,6.9
2021-05-17,Telangana,28.57,66.8,1.16,5.33
2021-05-18,Telangana,29.48,62.85,0.46,4.61
2021-05-19,Telangana,29.72,60.97,3.11,4.34
2021-05-20,Telangana,28.66,65.62,1.86,3.83
2021-05-21,Telangana,30.19,57.1,1.22,3.0
2021-05-22,Telangana,30.55,54.26,1.78,3.27
2021-05-23,Telangana,32.13,45.03,0.91,3.63
2021-05-24,Telangana,32.29,40.33,0.76,4.45
2021-05-25,Telangana,33.26,29.61,0.0,5.83
2021-05-26,Telangana,34.16,33.48,0.01,7.1
2021-05-27,Telangana,34.29,33.71,0.24,6.85
2021-05-28,Telangana,32.79,43.76,0.59,5.98
2021-05-29,Telangana,32.22,48.82,2.18,4.85
2021-05-30,Telangana,32.8,46.46,0.03,3.29
2021-05-31,Telangana,32.06,50.0,2.72,3.47
2021-06-01,Telangana,30.77,60.7,8.43,2.16
2021-06-02,Telangana,28.06,75.52,14.82,3.25
2021-06-03,Telangana,26.67,79.22,11.82,2.28
2021-06-04,Telangana,27.19,73.69,10.29,2.18
2021-06-05,Telangana,27.81,69.73,5.34,3.31
2021-06-06,Telangana,28.58,65.44,1.81,3.52
2021-06-07,Telangana,29.24,63.75,0.58,3.82
2021-06-08,Telangana,28.8,66.44,6.99,4.47
2021-06-09,Telangana,27.56,72.85,9.94,5.68
2021-06-10,Telangana,26.29,77.51,11.14,7.34
2021-06-11,Telangana,27.03,65.73,0.84,7.35
2021-06-12,Telangana,27.61,69.2,3.19,5.36
2021-06-13,Telangana,26.27,82.5,20.24,6.22
2021-06-14,Telangana,25.28,79.89,2.31,6.24
2021-06-15,Telangana,27.39,67.9,6.18,7.13
2021-06-16,Telangana,26.09,72.1,2.0,6.86
2021-06-17,Telangana,26.19,73.07,2.96,7.51
2021-06-18,Telangana,27.3,70.49,1.38,7.57
2021-06-19,Telangana,27.37,69.29,1.34,7.18
2021-06-20,Telangana,27.51,66.82,0.05,6.61
2021-06-21,Telangana,27.74,66.17,0.0,5.28
2021-06-22,Telangana,27.15,68.93,0.16,4.49
2021-06-23,Telangana,26.54,69.73,4.56,5.17
2021-06-24,Telangana,27.01,66.75,1.41,5.73
2021-06-25,Telangana,27.34,64.12,0.61,6.5
2021-06-26,Telangana,25.91,76.85,8.0,5.26
2021-06-27,Telangana,25.98,80.74,8.15,3.51
2021-06-28,Telangana,26.76,81.14,14.19,1.45
2021-06-29,Telangana,27.57,74.06,4.64,2.15
2021-06-30,Telangana,28.22,74.4,3.13,3.84
2021-07-01,Telangana,26.18,83.26,21.61,3.45
2021-07-02,Telangana,25.8,78.61,2.81,4.53
2021-07-03,Telangana,26.63,75.62,0.02,3.97
2021-07-04,Telangana,27.08,76.58,0.89,3.86
2021-07-05,Telangana,27.54,75.7,0.66,2.06
2021-07-06,Telangana,27.38,76.26,4.43,2.11
2021-07-07,Telangana,27.64,77.52,8.22,2.45
2021-07-08,Telangana,25.44,87.49,18.77,2.07
2021-07-09,Telangana,26.48,79.79,4.57,2.04
2021-07-10,Telangana,25.5,83.13,4.69,3.11
2021-07-11,Telangana,25.28,86.04,16.44,3.09
2021-07-12,Telangana,25.63,84.83,15.8,3.09
2021-07-13,Telangana,25.12,87.0,22.08,5.05
2021-07-14,Telangana,24.53,86.83,48.16,6.38
2021-07-15,Telangana,26.08,83.37,14.27,4.48
2021-07-16,Telangana,26.58,82.91,10.54,1.77
2021-07-17,Telangana,26.73,84.21,6.33,2.58
2021-07-18,Telangana,26.55,86.91,12.76,1.54
2021-07-19,Telangana,26.04,83.68,5.17,5.62
2021-07-20,Telangana,24.88,84.54,6.46,7.62
2021-07-21,Telangana,24.12,86.23,20.86,9.45
2021-07-22,Telangana,24.23,90.31,45.15,9.12
2021-07-23,Telangana,24.71,85.93,8.46,6.81
2021-07-24,Telangana,26.07,79.51,1.68,6.23
2021-07-25,Telangana,26.42,81.61,0.87,6.05
2021-07-26,Telangana,26.37,81.53,0.42,6.8
2021-07-27,Telangana,25.47,82.27,0.03,6.45
2021-07-28,Telangana,25.63,79.8,0.02,6.84
2021-07-29,Telangana,25.08,81.04,0.0,7.65
2021-07-30,Telangana,24.28,85.88,0.64,6.44
2021-07-31,Telangana,24.54,83.84,0.01,6.61
2021-08-01,Telangana,25.62,79.77,0.01,6.86
2021-08-02,Telangana,25.76,79.22,0.06,6.6
2021-08-03,Telangana,25.7,80.52,0.01,5.75
2021-08-04,Telangana,26.2,80.37,0.01,5.87
2021-08-05,Telangana,25.07,84.94,0.3,5.63
2021-08-06,Telangana,26.33,79.87,0.25,5.6
2021-08-07,Telangana,26.37,81.11,0.79,3.96
2021-08-08,Telangana,26.02,83.91,0.78,2.51
2021-08-09,Telangana,26.2,84.61,0.14,2.38
2021-08-10,Telangana,26.01,86.35,1.95,3.11
2021-08-11,Telangana,26.0,85.53,0.71,3.09
2021-08-12,Telangana,25.34,87.68,4.15,2.8
2021-08-13,Telangana,24.61,87.62,10.51,3.46
2021-08-14,Telangana,25.27,84.82,0.12,3.66
2021-08-15,Telangana,24.89,85.46,0.53,4.01
2021-08-16,Telangana,24.16,89.11,5.49,4.27
2021-08-17,Telangana,24.39,87.26,13.77,4.76
2021-08-18,Telangana,25.05,83.54,8.17,4.54
2021-08-19,Telangana,24.5,87.56,0.83,5.43
2021-08-20,Telangana,24.7,86.34,0.68,3.06
2021-08-21,Telangana,24.36,85.62,6.97,3.06
2021-08-22,Telangana,25.01,83.24,5.58,2.74
2021-08-23,Telangana,25.85,81.56,12.52,1.51
2021-08-24,Telangana,27.0,79.09,5.45,1.51
2021-08-25,Telangana,26.23,86.73,7.85,1.96
2021-08-26,Telangana,24.93,89.25,7.23,3.23
2021-08-27,Telangana,25.41,84.79,5.23,1.5
2021-08-28,Telangana,25.42,83.46,6.45,1.97
2021-08-29,Telangana,25.51,86.88,30.61,2.01
2021-08-30,Telangana,24.01,89.0,18.33,5.42
2021-08-31,Telangana,23.59,88.86,18.39,4.59
2021-09-01,Telangana,24.64,86.37,1.11,2.56
2021-09-02,Telangana,25.92,82.47,5.09,1.57
2021-09-03,Telangana,25.03,89.12,23.85,2.53
2021-09-04,Telangana,24.79,89.74,17.56,3.3
2021-09-05,Telangana,24.37,91.63,23.13,3.79
2021-09-06,Telangana,23.69,94.17,29.38,3.78
2021-09-07,Telangana,24.34,89.35,15.38,5.4
2021-09-08,Telangana,24.87,86.6,0.27,5.92
2021-09-09,Telangana,25.3,84.99,0.0,5.77
2021-09-10,Telangana,25.66,85.13,0.12,5.04
2021-09-11,Telangana,25.69,85.9,0.16,5.05
2021-09-12,Telangana,25.24,87.45,0.16,5.26
2021-09-13,Telangana,24.88,90.84,4.04,5.1
2021-09-14,Telangana,25.5,85.99,0.44,5.68
2021-09-15,Telangana,25.37,85.03,0.01,4.63
2021-09-16,Telangana,25.52,83.28,0.0,4.24
2021-09-17,Telangana,25.42,83.54,0.0,3.64
2021-09-18,Telangana,25.34,82.68,0.0,2.35
2021-09-19,Telangana,25.55,81.46,4.77,1.68
2021-09-20,Telangana,25.71,86.76,7.88,1.7
2021-09-21,Telangana,24.92,90.27,17.21,2.9
2021-09-22,Telangana,24.71,89.41,3.72,3.47
2021-09-23,Telangana,24.3,92.55,7.75,3.04
2021-09-24,Telangana,25.06,87.32,1.04,2.34
2021-09-25,Telangana,25.08,87.39,21.34,2.63
2021-09-26,Telangana,24.9,89.96,9.07,3.67
2021-09-27,Telangana,24.21,91.99,34.27,4.75
2021-09-28,Telangana,24.1,86.43,9.75,6.0
2021-09-29,Telangana,23.97,78.82,0.0,2.88
2021-09-30,Telangana,25.61,83.75,0.0,1.62
2021-10-01,Telangana,25.52,87.29,2.74,2.24
2021-10-02,Telangana,25.15,87.01,0.82,2.17
2021-10-03,Telangana,25.6,85.16,0.18,1.79
2021-10-04,Telangana,25.73,85.93,1.05,1.91
2021-10-05,Telangana,25.46,89.91,2.66,2.18
2021-10-06,Telangana,24.68,90.53,0.92,2.91
2021-10-07,Telangana,25.26,89.52,1.55,2.31
2021-10-08,Telangana,26.07,84.94,5.37,1.02
2021-10-09,Telangana,25.81,87.43,29.47,1.73
2021-10-10,Telangana,24.39,90.47,3.65,2.39
2021-10-11,Telangana,23.95,82.96,0.43,2.59
2021-10-12,Telangana,24.11,82.45,0.0,2.55
2021-10-13,Telangana,24.22,84.5,0.17,2.71
2021-10-14,Telangana,24.39,83.24,0.02,3.0
2021-10-15,Telangana,24.5,86.37,0.39,3.0
2021-10-16,Telangana,25.0,88.67,37.88,1.55
2021-10-17,Telangana,24.77,89.53,2.85,2.6
2021-10-18,Telangana,25.27,86.95,0.0,3.76
2021-10-19,Telangana,24.43,81.56,0.0,3.19
2021-10-20,Telangana,23.23,77.81,0.0,2.64
2021-10-21,Telangana,22.86,81.72,0.0,2.74
2021-10-22,Telangana,21.89,76.33,0.0,2.69
2021-10-23,Telangana,22.66,73.15,0.0,2.02
2021-10-24,Telangana,22.96,76.02,0.0,1.82
2021-10-25,Telangana,21.97,81.13,0.0,2.53
2021-10-26,Telangana,21.56,85.99,0.0,3.2
2021-10-27,Telangana,20.93,82.14,0.0,3.57
2021-10-28,Telangana,22.27,86.39,0.0,4.21
2021-10-29,Telangana,22.93,89.95,0.76,4.1
2021-10-30,Telangana,23.33,89.44,1.08,3.56
2021-10-31,Telangana,22.41,85.6,0.92,3.46
2021-11-01,Telangana,21.04,87.71,0.99,2.35
2021-11-02,Telangana,22.9,90.4,1.36,2.41
2021-11-03,Telangana,22.93,88.93,0.18,2.56
2021-11-04,Telangana,23.16,90.06,0.18,2.56
2021-11-05,Telangana,23.29,87.7,0.02,2.65
2021-11-06,Telangana,22.72,87.18,0.0,2.51
2021-11-07,Telangana,21.33,84.5,0.0,2.94
2021-11-08,Telangana,20.08,82.01,0.0,2.99
2021-11-09,Telangana,19.41,79.94,0.0,3.36
2021-11-10,Telangana,19.16,79.1,0.0,3.31
2021-11-11,Telangana,19.75,83.94,0.06,3.99
2021-11-12,Telangana,21.96,91.22,2.02,3.83
2021-11-13,Telangana,23.67,90.79,1.87,2.81
2021-11-14,Telangana,24.01,90.31,7.43,2.68
2021-11-15,Telangana,24.48,89.2,2.42,2.89
2021-11-16,Telangana,24.44,88.99,0.75,3.43
2021-11-17,Telangana,23.96,88.39,0.1,3.54
2021-11-18,Telangana,23.52,91.11,0.29,2.3
2021-11-19,Telangana,23.12,91.8,1.15,4.01
2021-11-20,Telangana,24.21,89.37,2.44,4.02
2021-11-21,Telangana,24.24,89.48,1.28,3.89
2021-11-22,Telangana,24.62,85.88,0.11,1.81
2021-11-23,Telangana,24.68,86.05,0.12,1.81
2021-11-24,Telangana,23.88,88.75,0.29,2.9
2021-11-25,Telangana,22.75,84.0,0.13,2.32
2021-11-26,Telangana,21.14,80.11,0.0,2.59
2021-11-27,Telangana,19.79,81.23,0.0,2.8
2021-11-28,Telangana,19.7,83.81,0.05,2.82
2021-11-29,Telangana,21.06,86.91,1.5,2.83
2021-11-30,Telangana,20.8,79.29,0.42,2.37
2021-12-01,Telangana,20.77,80.71,0.0,2.23
2021-12-02,Telangana,20.75,84.74,0.0,2.04
2021-12-03,Telangana,20.45,83.18,0.04,2.03
2021-12-04,Telangana,21.0,79.54,0.0,2.76
2021-12-05,Telangana,21.6,79.47,0.0,2.62
2021-12-06,Telangana,21.08,77.4,0.0,2.55
2021-12-07,Telangana,20.37,76.66,0.0,2.97
2021-12-08,Telangana,20.78,87.42,0.0,2.68
2021-12-09,Telangana,21.53,87.5,0.0,2.49
2021-12-10,Telangana,21.76,88.05,0.0,2.51
2021-12-11,Telangana,21.66,86.36,0.0,2.18
2021-12-12,Telangana,21.35,85.81,0.0,2.35
2021-12-13,Telangana,21.07,86.38,0.0,1.94
2021-12-14,Telangana,20.4,89.36,0.0,2.12
2021-12-15,Telangana,20.21,85.45,0.0,1.98
2021-12-16,Telangana,18.99,77.17,0.0,2.09
2021-12-17,Telangana,18.89,72.13,0.0,1.8
2021-12-18,Telangana,17.76,69.2,0.0,2.71
2021-12-19,Telangana,17.02,75.96,0.0,2.84
2021-12-20,Telangana,15.9,65.42,0.0,2.92
2021-12-21,Telangana,16.46,50.91,0.0,2.31
2021-12-22,Telangana,18.3,47.37,0.0,1.75
2021-12-23,Telangana,18.83,55.79,0.0,1.96
2021-12-24,Telangana,19.16,65.43,0.0,2.28
2021-12-25,Telangana,20.19,75.07,0.0,2.44
2021-12-26,Telangana,20.61,78.38,0.0,1.85
2021-12-27,Telangana,20.66,81.98,0.0,2.76
2021-12-28,Telangana,20.61,81.36,0.0,3.21
2021-12-29,Telangana,20.68,78.1,0.01,3.29
2021-12-30,Telangana,20.13,80.31,0.02,3.5
2021-12-31,Telangana,20.41,79.83,0.0,2.75
2022-01-01,Telangana,20.18,80.05,0.0,2.23
2022-01-02,Telangana,20.38,79.59,0.0,2.19
2022-01-03,Telangana,19.34,68.96,0.0,2.07
2022-01-04,Telangana,18.86,70.35,0.0,2.39
2022-01-05,Telangana,19.32,76.61,0.0,2.71
2022-01-06,Telangana,19.6,76.0,0.0,3.38
2022-01-07,Telangana,20.42,75.65,0.0,3.95
2022-01-08,Telangana,21.12,78.29,0.0,3.72
2022-01-09,Telangana,22.06,77.68,0.3,3.27
2022-01-10,Telangana,21.95,80.96,2.58,3.26
2022-01-11,Telangana,22.45,79.49,5.69,3.12
2022-01-12,Telangana,21.99,82.08,9.24,2.96
2022-01-13,Telangana,20.74,85.1,6.77,2.73
2022-01-14,Telangana,22.05,76.89,0.49,2.8
2022-01-15,Telangana,20.92,81.82,2.82,2.49
2022-01-16,Telangana,20.39,79.84,1.62,2.94
2022-01-17,Telangana,20.18,79.53,0.15,2.36
2022-01-18,Telangana,19.71,70.6,0.0,2.33
2022-01-19,Telangana,19.47,66.3,0.0,2.45
2022-01-20,Telangana,20.49,60.19,0.0,1.68
2022-01-21,Telangana,20.83,61.73,0.0,3.2
2022-01-22,Telangana,22.61,56.35,0.0,2.08
2022-01-23,Telangana,21.09,65.39,0.0,3.39
2022-01-24,Telangana,19.53,61.43,0.0,2.77
2022-01-25,Telangana,18.25,62.13,0.0,2.26
2022-01-26,Telangana,18.29,61.46,0.0,2.56
2022-01-27,Telangana,17.71,55.82,0.0,3.68
2022-01-28,Telangana,16.52,47.91,0.0,3.62
2022-01-29,Telangana,16.83,47.93,0.0,2.97
2022-01-30,Telangana,19.65,40.89,0.0,2.13
2022-01-31,Telangana,21.03,39.97,0.0,1.64
2022-02-01,Telangana,21.17,47.46,0.0,1.91
2022-02-02,Telangana,22.0,50.91,0.0,1.72
2022-02-03,Telangana,22.14,65.9,0.0,3.86
2022-02-04,Telangana,20.2,51.14,0.0,3.42
2022-02-05,Telangana,19.61,43.82,0.0,2.31
2022-02-06,Telangana,19.75,46.11,0.0,2.77
2022-02-07,Telangana,21.9,66.3,0.0,2.28
2022-02-08,Telangana,22.67,65.02,0.0,2.55
2022-02-09,Telangana,22.88,71.32,0.0,4.3
2022-02-10,Telangana,22.81,67.81,0.0,2.27
2022-02-11,Telangana,21.87,61.34,0.0,3.61
2022-02-12,Telangana,20.4,44.55,0.0,3.14
2022-02-13,Telangana,20.26,41.83,0.0,2.71
2022-02-14,Telangana,21.75,63.86,0.0,2.95
2022-02-15,Telangana,22.86,63.97,0.0,3.1
2022-02-16,Telangana,23.2,64.47,0.02,2.38
2022-02-17,Telangana,23.7,61.5,0.01,2.78
2022-02-18,Telangana,23.47,62.26,0.0,3.13
2022-02-19,Telangana,23.89,59.2,0.0,2.76
2022-02-20,Telangana,25.62,50.59,0.0,3.51
2022-02-21,Telangana,24.33,40.5,0.0,2.69
2022-02-22,Telangana,23.85,33.95,0.0,2.78
2022-02-23,Telangana,24.0,61.35,0.0,3.72
2022-02-24,Telangana,24.49,58.28,0.0,3.73
2022-02-25,Telangana,24.45,51.78,0.0,3.37
2022-02-26,Telangana,23.46,54.62,0.0,4.5
2022-02-27,Telangana,23.52,52.83,0.0,3.92
2022-02-28,Telangana,23.6,46.28,0.0,3.51
2022-03-01,Telangana,24.52,39.2,0.0,3.3
2022-03-02,Telangana,24.68,40.63,0.0,3.22
2022-03-03,Telangana,25.2,44.26,0.0,3.31
2022-03-04,Telangana,25.54,49.06,0.0,3.34
2022-03-05,Telangana,25.79,43.34,0.0,3.02
2022-03-06,Telangana,26.8,42.29,0.0,2.88
2022-03-07,Telangana,26.73,40.45,0.0,3.2
2022-03-08,Telangana,27.25,39.87,0.0,2.34
2022-03-09,Telangana,27.18,30.09,0.0,2.79
2022-03-10,Telangana,27.61,32.01,0.0,2.68
2022-03-11,Telangana,28.59,34.46,0.07,2.07
2022-03-12,Telangana,27.13,35.63,0.01,2.76
2022-03-13,Telangana,28.22,33.55,0.0,2.87
2022-03-14,Telangana,28.15,24.04,0.0,3.19
2022-03-15,Telangana,28.87,17.67,0.0,3.49
2022-03-16,Telangana,30.87,18.58,0.0,2.63
2022-03-17,Telangana,31.06,18.54,0.0,2.88
2022-03-18,Telangana,30.33,28.23,0.0,2.58
2022-03-19,Telangana,29.79,40.26,0.03,3.2
2022-03-20,Telangana,30.52,37.41,0.02,3.02
2022-03-21,Telangana,31.06,29.37,0.0,2.98
2022-03-22,Telangana,30.58,30.0,0.0,2.8
2022-03-23,Telangana,31.66,25.76,0.0,2.41
2022-03-24,Telangana,31.64,37.99,0.0,2.89
2022-03-25,Telangana,31.6,39.4,0.0,3.05
2022-03-26,Telangana,32.64,35.16,0.0,2.1
2022-03-27,Telangana,32.44,33.18,0.0,2.53
2022-03-28,Telangana,32.18,33.83,0.0,2.18
2022-03-29,Telangana,32.1,31.24,0.0,2.31
2022-03-30,Telangana,31.99,27.11,0.0,1.85
2022-03-31,Telangana,32.08,34.95,0.0,2.23
2022-04-01,Telangana,32.18,41.68,0.0,3.13
2022-04-02,Telangana,31.9,43.31,0.0,3.33
2022-04-03,Telangana,32.04,34.84,0.0,2.87
2022-04-04,Telangana,32.41,34.27,0.0,3.57
2022-04-05,Telangana,31.94,35.59,0.0,3.32
2022-04-06,Telangana,32.64,30.03,0.0,3.46
2022-04-07,Telangana,32.24,32.64,0.0,3.66
2022-04-08,Telangana,31.56,37.26,0.0,4.32
2022-04-09,Telangana,31.85,40.36,0.01,3.66
2022-04-10,Telangana,32.1,36.73,0.0,3.37
2022-04-11,Telangana,32.17,34.79,0.0,3.38
2022-04-12,Telangana,33.04,33.38,0.0,3.5
2022-04-13,Telangana,32.67,33.75,0.0,4.04
2022-04-14,Telangana,32.57,37.33,0.0,3.55
2022-04-15,Telangana,32.78,39.73,0.0,2.1
2022-04-16,Telangana,30.57,41.79,0.0,1.27
2022-04-17,Telangana,32.41,38.45,0.0,2.93
2022-04-18,Telangana,33.06,33.38,0.0,2.77
2022-04-19,Telangana,34.21,29.83,0.31,2.9
2022-04-20,Telangana,34.86,28.46,0.04,2.87
2022-04-21,Telangana,33.78,35.4,0.22,4.47
2022-04-22,Telangana,31.45,43.72,1.08,2.63
2022-04-23,Telangana,29.75,44.11,0.06,2.1
2022-04-24,Telangana,32.54,36.39,0.0,2.6
2022-04-25,Telangana,34.17,31.44,0.02,1.95
2022-04-26,Telangana,34.1,31.37,0.0,2.49
2022-04-27,Telangana,34.49,30.26,0.0,2.88
2022-04-28,Telangana,34.62,30.97,0.27,2.58
2022-04-29,Telangana,35.24,27.88,0.13,2.91
2022-04-30,Telangana,35.38,25.65,0.0,2.52
2022-05-01,Telangana,35.13,25.28,1.88,2.44
2022-05-02,Telangana,34.61,30.73,0.02,3.7
2022-05-03,Telangana,33.66,43.93,7.32,3.64
2022-05-04,Telangana,29.33,67.09,6.69,2.37
2022-05-05,Telangana,30.98,55.03,0.3,2.68
2022-05-06,Telangana,32.11,47.89,0.58,3.33
2022-05-07,Telangana,32.89,44.61,0.07,3.53
2022-05-08,Telangana,33.45,38.79,0.01,2.71
2022-05-09,Telangana,32.68,39.22,0.0,3.13
2022-05-10,Telangana,32.82,38.27,0.28,5.18
2022-05-11,Telangana,28.96,61.21,1.31,4.71
2022-05-12,Telangana,29.56,62.56,0.16,3.51
2022-05-13,Telangana,31.28,57.09,0.23,3.63
2022-05-14,Telangana,33.13,48.64,0.04,4.27
2022-05-15,Telangana,31.97,53.53,2.03,3.79
2022-05-16,Telangana,29.57,67.16,7.22,3.42
2022-05-17,Telangana,28.83,69.73,1.33,2.61
2022-05-18,Telangana,30.68,53.58,0.45,3.34
2022-05-19,Telangana,28.49,70.85,1.19,3.44
2022-05-20,Telangana,30.22,60.78,0.31,2.04
2022-05-21,Telangana,31.46,46.0,0.19,5.73
2022-05-22,Telangana,31.48,44.55,0.0,8.34
2022-05-23,Telangana,32.03,42.97,0.0,7.28
2022-05-24,Telangana,33.47,41.34,0.0,5.88
2022-05-25,Telangana,33.52,37.68,0.0,4.81
2022-05-26,Telangana,34.1,36.79,0.67,4.05
2022-05-27,Telangana,32.39,42.53,0.86,5.55
2022-05-28,Telangana,33.25,34.28,0.0,6.11
2022-05-29,Telangana,33.94,35.3,0.13,5.37
2022-05-30,Telangana,33.96,36.41,0.49,4.67
2022-05-31,Telangana,33.64,40.64,1.4,5.33
2022-06-01,Telangana,32.07,45.32,0.55,5.92
2022-06-02,Telangana,33.47,39.59,0.35,5.99
2022-06-03,Telangana,34.46,34.69,0.04,5.87
2022-06-04,Telangana,32.66,37.78,0.56,5.7
2022-06-05,Telangana,31.88,46.82,4.34,4.36
2022-06-06,Telangana,30.11,56.15,0.55,5.41
2022-06-07,Telangana,32.43,44.38,0.0,5.62
2022-06-08,Telangana,32.12,43.67,0.48,6.52
2022-06-09,Telangana,30.42,54.01,0.43,6.63
2022-06-10,Telangana,30.03,54.97,0.29,3.49
2022-06-11,Telangana,29.93,57.14,3.23,4.28
2022-06-12,Telangana,29.02,62.12,2.49,3.02
2022-06-13,Telangana,28.63,63.67,4.44,3.88
2022-06-14,Telangana,28.56,67.66,6.45,2.2
2022-06-15,Telangana,27.12,75.49,8.26,3.49
2022-06-16,Telangana,28.25,68.09,2.63,2.65
2022-06-17,Telangana,28.22,70.08,0.67,2.14
2022-06-18,Telangana,28.26,67.67,1.56,3.63
2022-06-19,Telangana,28.4,68.69,5.13,3.11
2022-06-20,Telangana,26.84,76.31,14.07,4.08
2022-06-21,Telangana,25.82,79.87,13.07,4.35
2022-06-22,Telangana,26.95,74.15,0.14,5.08
2022-06-23,Telangana,27.15,72.77,0.07,3.37
2022-06-24,Telangana,26.78,74.36,0.89,2.95
2022-06-25,Telangana,26.85,73.54,1.26,4.04
2022-06-26,Telangana,26.28,76.98,6.38,4.22
2022-06-27,Telangana,26.62,72.41,5.38,5.63
2022-06-28,Telangana,27.15,71.95,5.6,5.54
2022-06-29,Telangana,27.51,70.52,2.87,4.42
2022-06-30,Telangana,27.81,70.32,2.46,4.26
2022-07-01,Telangana,28.56,64.58,6.51,4.54
2022-07-02,Telangana,27.56,73.46,11.71,4.92
2022-07-03,Telangana,26.22,80.98,15.57,4.68
2022-07-04,Telangana,26.23,76.12,10.03,5.71
2022-07-05,Telangana,26.6,77.96,22.26,5.21
2022-07-06,Telangana,25.6,82.09,10.82,5.33
2022-07-07,Telangana,25.55,82.06,9.92,5.92
2022-07-08,Telangana,24.68,88.43,38.59,6.61
2022-07-09,Telangana,24.43,89.84,36.4,6.84
2022-07-10,Telangana,24.74,85.09,29.89,9.24
2022-07-11,Telangana,24.35,85.3,13.39,9.52
2022-07-12,Telangana,23.72,86.11,22.95,10.92
2022-07-13,Telangana,23.2,87.51,28.39,13.38
2022-07-14,Telangana,23.62,84.54,5.36,11.34
2022-07-15,Telangana,25.32,79.21,0.04,8.86
2022-07-16,Telangana,25.01,84.57,3.7,5.61
2022-07-17,Telangana,25.04,87.18,14.97,6.25
2022-07-18,Telangana,25.23,83.44,7.48,6.01
2022-07-19,Telangana,26.05,81.43,3.11,4.88
2022-07-20,Telangana,26.52,80.76,1.72,4.85
2022-07-21,Telangana,25.31,84.75,3.42,4.88
2022-07-22,Telangana,23.85,91.13,57.77,4.95
2022-07-23,Telangana,24.14,88.59,15.99,4.97
2022-07-24,Telangana,25.15,84.35,1.44,4.81
2022-07-25,Telangana,25.04,83.29,6.66,3.41
2022-07-26,Telangana,24.02,89.52,7.72,3.09
2022-07-27,Telangana,25.43,85.06,1.77,2.1
2022-07-28,Telangana,26.06,84.58,0.74,2.06
2022-07-29,Telangana,26.65,82.03,3.61,1.56
2022-07-30,Telangana,26.45,84.42,6.06,1.26
2022-07-31,Telangana,26.48,83.34,1.13,1.11
2022-08-01,Telangana,26.04,86.7,18.22,1.51
2022-08-02,Telangana,25.43,90.34,19.77,3.25
2022-08-03,Telangana,25.99,85.52,3.81,2.29
2022-08-04,Telangana,26.51,83.8,4.02,1.55
2022-08-05,Telangana,25.89,84.78,5.81,3.38
2022-08-06,Telangana,25.19,86.21,9.0,3.79
2022-08-07,Telangana,24.44,88.46,7.47,5.7
2022-08-08,Telangana,24.32,85.43,11.86,8.58
2022-08-09,Telangana,24.12,86.66,4.39,9.25
2022-08-10,Telangana,24.5,82.42,1.58,8.83
2022-08-11,Telangana,24.99,83.65,0.27,6.44
2022-08-12,Telangana,25.48,82.27,0.01,6.32
2022-08-13,Telangana,25.17,83.5,2.26,6.28
2022-08-14,Telangana,24.03,87.63,3.91,6.63
2022-08-15,Telangana,24.62,84.97,2.26,6.43
2022-08-16,Telangana,25.32,83.22,0.28,4.61
2022-08-17,Telangana,25.98,81.47,0.33,4.01
2022-08-18,Telangana,25.08,86.11,2.99,3.6
2022-08-19,Telangana,25.01,87.54,8.84,4.97
2022-08-20,Telangana,25.65,84.97,1.72,5.63
2022-08-21,Telangana,25.64,83.13,0.08,5.96
2022-08-22,Telangana,25.93,82.43,0.0,5.54
2022-08-23,Telangana,26.06,81.83,0.06,3.71
2022-08-24,Telangana,25.67,83.27,0.36,3.03
2022-08-25,Telangana,25.27,84.64,1.76,2.8
2022-08-26,Telangana,25.94,81.65,1.15,2.15
2022-08-27,Telangana,25.06,86.95,4.74,2.8
2022-08-28,Telangana,24.07,88.41,3.57,2.82
2022-08-29,Telangana,25.46,83.59,1.91,1.96
2022-08-30,Telangana,24.75,89.19,7.14,2.17
2022-08-31,Telangana,25.14,87.5,1.03,2.34
2022-09-01,Telangana,25.27,86.73,1.73,2.4
2022-09-02,Telangana,25.07,87.3,0.44,2.48
2022-09-03,Telangana,26.24,83.9,0.34,1.31
2022-09-04,Telangana,25.66,86.67,0.79,2.12
2022-09-05,Telangana,25.76,80.86,0.07,2.13
2022-09-06,Telangana,26.15,81.99,3.89,1.52
2022-09-07,Telangana,25.43,87.6,14.53,1.14
2022-09-08,Telangana,25.53,86.92,16.96,1.33
2022-09-09,Telangana,25.67,87.97,14.63,1.95
2022-09-10,Telangana,25.02,92.05,30.05,3.71
2022-09-11,Telangana,24.34,91.05,20.77,5.04
2022-09-12,Telangana,24.92,87.08,5.64,6.31
2022-09-13,Telangana,25.04,85.48,0.5,5.68
2022-09-14,Telangana,25.35,84.19,0.0,4.69
2022-09-15,Telangana,24.78,86.9,0.0,4.87
2022-09-16,Telangana,25.4,84.98,0.05,5.77
2022-09-17,Telangana,25.52,84.44,0.55,4.16
2022-09-18,Telangana,25.16,83.51,0.09,4.55
2022-09-19,Telangana,23.88,88.74,3.57,3.83
2022-09-20,Telangana,24.11,86.06,1.21,4.87
2022-09-21,Telangana,24.12,86.9,1.22,4.32
2022-09-22,Telangana,24.22,87.32,5.87,4.17
2022-09-23,Telangana,23.79,82.56,0.43,3.73
2022-09-24,Telangana,24.39,81.71,0.04,3.5
2022-09-25,Telangana,24.95,81.38,0.01,2.15
2022-09-26,Telangana,25.28,83.31,13.64,1.49
2022-09-27,Telangana,25.27,87.13,6.57,2.37
2022-09-28,Telangana,25.0,88.47,5.17,2.41
2022-09-29,Telangana,24.55,88.54,5.85,2.1
2022-09-30,Telangana,24.02,89.79,7.49,3.58
2022-10-01,Telangana,24.72,86.22,3.64,3.65
2022-10-02,Telangana,24.93,85.34,0.35,4.93
2022-10-03,Telangana,24.96,85.24,0.0,5.01
2022-10-04,Telangana,24.34,88.84,0.0,3.87
2022-10-05,Telangana,24.26,92.29,7.89,2.49
2022-10-06,Telangana,24.06,91.1,6.77,3.72
2022-10-07,Telangana,24.18,91.06,4.56,4.83
2022-10-08,Telangana,24.66,88.05,8.51,1.96
2022-10-09,Telangana,24.57,87.6,5.13,2.46
2022-10-10,Telangana,24.42,91.91,4.24,3.8
2022-10-11,Telangana,24.69,89.22,4.32,3.97
2022-10-12,Telangana,24.62,87.82,15.02,2.27
2022-10-13,Telangana,24.5,87.91,7.53,1.92
2022-10-14,Telangana,24.15,90.81,12.02,2.32
2022-10-15,Telangana,23.48,93.9,17.22,3.3
2022-10-16,Telangana,24.68,89.57,4.84,3.64
2022-10-17,Telangana,24.66,88.33,0.53,2.6
2022-10-18,Telangana,24.93,85.17,0.7,1.51
2022-10-19,Telangana,24.78,85.36,1.76,1.44
2022-10-20,Telangana,24.11,86.51,0.71,2.78
2022-10-21,Telangana,23.43,86.21,0.03,2.61
2022-10-22,Telangana,20.6,79.2,0.0,3.56
2022-10-23,Telangana,19.72,81.39,0.0,4.07
2022-10-24,Telangana,19.87,80.03,0.0,3.83
2022-10-25,Telangana,20.32,74.84,0.0,2.79
2022-10-26,Telangana,20.56,71.57,0.0,2.31
2022-10-27,Telangana,21.0,73.21,0.0,2.12
2022-10-28,Telangana,20.51,77.39,0.0,2.8
2022-10-29,Telangana,19.37,75.67,0.0,3.32
2022-10-30,Telangana,18.86,78.53,0.0,3.41
2022-10-31,Telangana,19.24,78.51,0.0,3.05
2022-11-01,Telangana,20.86,82.13,0.38,2.34
2022-11-02,Telangana,21.96,87.92,0.14,3.01
2022-11-03,Telangana,22.63,85.34,0.0,2.57
2022-11-04,Telangana,22.6,85.2,0.02,2.29
2022-11-05,Telangana,22.57,83.95,0.01,2.21
2022-11-06,Telangana,21.76,75.82,0.0,2.11
2022-11-07,Telangana,21.88,75.21,0.0,1.84
2022-11-08,Telangana,21.75,76.82,0.0,1.8
2022-11-09,Telangana,20.5,77.7,0.0,2.28
2022-11-10,Telangana,20.05,79.68,0.0,3.04
2022-11-11,Telangana,19.57,80.86,0.0,3.75
2022-11-12,Telangana,19.87,80.13,0.0,3.47
2022-11-13,Telangana,20.49,81.07,0.0,3.3
2022-11-14,Telangana,20.96,82.55,0.0,2.22
2022-11-15,Telangana,20.0,77.83,0.0,2.14
2022-11-16,Telangana,19.15,71.09,0.0,2.14
2022-11-17,Telangana,18.32,72.74,0.0,3.14
2022-11-18,Telangana,18.04,76.72,0.0,3.13
2022-11-19,Telangana,17.98,77.25,0.0,3.07
2022-11-20,Telangana,18.04,76.31,0.0,3.0
2022-11-21,Telangana,20.1,78.53,0.03,3.08
2022-11-22,Telangana,22.09,85.24,0.15,2.75
2022-11-23,Telangana,22.7,85.57,0.09,2.45
2022-11-24,Telangana,23.15,85.64,1.12,1.7
2022-11-25,Telangana,22.29,83.73,0.21,2.51
2022-11-26,Telangana,20.78,76.37,0.0,2.33
2022-11-27,Telangana,20.32,69.55,0.0,1.84
2022-11-28,Telangana,20.63,67.42,0.0,1.63
2022-11-29,Telangana,19.81,63.16,0.0,2.02
2022-11-30,Telangana,19.7,66.45,0.0,1.75
2022-12-01,Telangana,21.43,72.29,0.0,1.61
2022-12-02,Telangana,22.49,82.02,0.0,1.73
2022-12-03,Telangana,22.75,84.5,0.0,2.21
2022-12-04,Telangana,22.55,80.41,0.0,1.96
2022-12-05,Telangana,21.18,71.41,0.0,2.23
2022-12-06,Telangana,20.11,71.1,0.0,2.59
2022-12-07,Telangana,19.32,75.71,0.0,3.54
2022-12-08,Telangana,18.83,66.8,0.0,3.94
2022-12-09,Telangana,17.87,71.04,0.06,3.86
2022-12-10,Telangana,20.11,81.44,1.4,3.96
2022-12-11,Telangana,22.29,86.61,1.85,4.49
2022-12-12,Telangana,22.81,84.63,0.68,3.67
2022-12-13,Telangana,23.02,85.07,0.39,3.15
2022-12-14,Telangana,23.84,80.24,0.11,2.22
2022-12-15,Telangana,24.02,75.6,0.0,1.75
2022-12-16,Telangana,23.88,72.83,0.0,1.74
2022-12-17,Telangana,23.6,73.19,0.0,2.01
2022-12-18,Telangana,21.81,73.05,0.0,2.67
2022-12-19,Telangana,20.61,64.62,0.0,1.93
2022-12-20,Telangana,21.41,60.04,0.0,1.86
2022-12-21,Telangana,21.45,62.57,0.0,1.9
2022-12-22,Telangana,21.42,66.23,0.0,2.24
2022-12-23,Telangana,21.12,67.38,0.0,2.36
2022-12-24,Telangana,20.12,65.79,0.0,3.14
2022-12-25,Telangana,21.36,73.18,0.0,3.13
2022-12-26,Telangana,23.22,79.59,0.0,3.12
2022-12-27,Telangana,23.9,76.74,0.0,2.52
2022-12-28,Telangana,24.29,71.71,0.0,1.89
2022-12-29,Telangana,23.06,65.19,0.0,2.05
2022-12-30,Telangana,23.11,62.25,0.0,1.42
2022-12-31,Telangana,23.17,60.72,0.0,1.56
2023-01-01,Telangana,22.65,69.13,0.0,1.5
2023-01-02,Telangana,22.19,74.37,0.0,2.16
2023-01-03,Telangana,21.85,74.11,0.0,2.46
2023-01-04,Telangana,21.77,75.43,0.01,3.42
2023-01-05,Telangana,22.06,76.2,0.0,3.27
2023-01-06,Telangana,21.02,77.99,0.0,2.5
2023-01-07,Telangana,20.23,60.78,0.0,3.52
2023-01-08,Telangana,18.05,38.76,0.0,3.27
2023-01-09,Telangana,18.42,41.49,0.0,2.56
2023-01-10,Telangana,20.77,39.19,0.0,1.99
2023-01-11,Telangana,21.52,38.06,0.0,1.59
2023-01-12,Telangana,21.45,47.08,0.0,2.15
2023-01-13,Telangana,21.32,60.28,0.0,2.05
2023-01-14,Telangana,21.41,64.03,0.0,2.17
2023-01-15,Telangana,21.4,59.43,0.0,2.52
2023-01-16,Telangana,21.48,58.69,0.0,2.63
2023-01-17,Telangana,21.49,60.78,0.0,3.15
2023-01-18,Telangana,21.26,62.5,0.0,2.67
2023-01-19,Telangana,21.25,64.09,0.0,2.99
2023-01-20,Telangana,21.37,67.0,0.0,3.16
2023-01-21,Telangana,21.72,66.22,0.0,2.69
2023-01-22,Telangana,21.62,64.52,0.0,3.08
2023-01-23,Telangana,22.34,68.67,0.0,3.78
2023-01-24,Telangana,22.28,63.47,0.0,4.4
2023-01-25,Telangana,21.67,61.86,0.0,4.46
2023-01-26,Telangana,21.19,59.26,0.0,3.48
2023-01-27,Telangana,21.87,59.94,0.0,3.09
2023-01-28,Telangana,23.12,48.69,0.0,2.07
2023-01-29,Telangana,22.35,61.73,0.0,4.21
2023-01-30,Telangana,23.03,64.08,0.0,3.51
2023-01-31,Telangana,23.22,61.65,0.0,2.83
2023-02-01,Telangana,22.7,50.67,0.0,4.04
2023-02-02,Telangana,21.88,44.89,0.0,3.86
2023-02-03,Telangana,21.75,35.76,0.0,2.9
2023-02-04,Telangana,23.04,32.91,0.0,2.49
2023-02-05,Telangana,23.07,31.56,0.0,2.21
2023-02-06,Telangana,24.0,40.93,0.0,2.12
2023-02-07,Telangana,24.87,53.09,0.0,2.29
2023-02-08,Telangana,25.14,47.3,0.0,2.65
2023-02-09,Telangana,24.33,27.55,0.0,2.89
2023-02-10,Telangana,25.14,24.4,0.0,2.62
2023-02-11,Telangana,26.04,22.7,0.0,2.46
2023-02-12,Telangana,25.89,20.9,0.0,3.23
2023-02-13,Telangana,23.67,21.74,0.0,4.48
2023-02-14,Telangana,23.24,17.25,0.0,3.93
2023-02-15,Telangana,23.99,17.88,0.0,3.74
2023-02-16,Telangana,25.06,19.99,0.0,3.77
2023-02-17,Telangana,25.11,21.93,0.0,3.26
2023-02-18,Telangana,25.67,30.43,0.0,2.26
2023-02-19,Telangana,25.29,49.39,0.0,2.78
2023-02-20,Telangana,26.65,32.67,0.0,2.12
2023-02-21,Telangana,27.38,22.02,0.0,2.19
2023-02-22,Telangana,26.77,28.38,0.0,2.6
2023-02-23,Telangana,26.51,32.77,0.0,2.45
2023-02-24,Telangana,26.62,30.35,0.0,2.9
2023-02-25,Telangana,26.54,20.71,0.0,2.8
2023-02-26,Telangana,26.41,30.54,0.0,2.91
2023-02-27,Telangana,25.76,37.79,0.0,3.41
2023-02-28,Telangana,25.92,35.92,0.0,3.6
2023-03-01,Telangana,25.8,36.77,0.0,3.46
2023-03-02,Telangana,26.15,35.41,0.0,2.76
2023-03-03,Telangana,27.63,28.06,0.0,2.73
2023-03-04,Telangana,26.94,32.39,0.0,3.15
2023-03-05,Telangana,27.06,30.17,0.0,2.52
2023-03-06,Telangana,27.47,28.79,0.0,2.53
2023-03-07,Telangana,26.74,27.97,0.0,2.56
2023-03-08,Telangana,26.84,26.29,0.0,2.97
2023-03-09,Telangana,25.79,41.54,0.0,2.96
2023-03-10,Telangana,27.49,33.99,0.0,2.69
2023-03-11,Telangana,26.93,44.17,0.0,3.63
2023-03-12,Telangana,26.86,40.41,0.0,3.23
2023-03-13,Telangana,27.1,30.55,0.0,2.72
2023-03-14,Telangana,28.41,24.27,0.0,2.39
2023-03-15,Telangana,27.48,37.48,0.0,3.26
2023-03-16,Telangana,26.93,48.74,2.78,2.8
2023-03-17,Telangana,24.11,70.55,12.49,3.54
2023-03-18,Telangana,24.5,74.01,20.44,2.87
2023-03-19,Telangana,24.86,72.94,5.34,1.75
2023-03-20,Telangana,25.39,61.24,0.01,2.2
2023-03-21,Telangana,25.83,48.91,0.0,2.28
2023-03-22,Telangana,27.01,53.84,0.01,2.0
2023-03-23,Telangana,28.18,47.74,0.23,1.95
2023-03-24,Telangana,28.01,58.27,0.62,2.31
2023-03-25,Telangana,28.29,58.68,0.27,3.1
2023-03-26,Telangana,29.06,54.67,0.21,2.02
2023-03-27,Telangana,29.36,48.54,0.07,2.66
2023-03-28,Telangana,29.6,50.35,0.0,2.01
2023-03-29,Telangana,29.79,50.7,0.0,3.38
2023-03-30,Telangana,30.16,44.37,0.0,3.04
2023-03-31,Telangana,29.44,43.53,0.03,3.32
2023-04-01,Telangana,29.62,40.81,0.16,1.99
2023-04-02,Telangana,29.1,46.96,0.0,2.08
2023-04-03,Telangana,29.92,52.04,0.0,3.26
2023-04-04,Telangana,31.16,44.62,0.0,2.91
2023-04-05,Telangana,31.41,42.41,0.42,2.19
2023-04-06,Telangana,30.5,50.03,5.23,2.63
2023-04-07,Telangana,29.46,50.98,0.31,2.63
2023-04-08,Telangana,29.97,45.0,0.0,2.86
2023-04-09,Telangana,29.57,39.3,0.0,2.88
2023-04-10,Telangana,29.87,33.42,0.0,2.47
2023-04-11,Telangana,30.95,32.05,0.0,3.06
2023-04-12,Telangana,32.25,27.76,0.0,2.8
2023-04-13,Telangana,32.74,30.8,4.17,2.0
2023-04-14,Telangana,31.29,43.58,2.49,2.21
2023-04-15,Telangana,30.66,39.41,0.03,3.36
2023-04-16,Telangana,32.11,31.62,0.25,2.67
2023-04-17,Telangana,31.97,31.93,0.11,1.71
2023-04-18,Telangana,32.27,28.98,0.21,3.04
2023-04-19,Telangana,33.14,23.85,0.0,2.93
2023-04-20,Telangana,32.79,23.88,0.3,2.16
2023-04-21,Telangana,31.91,31.23,0.39,2.66
2023-04-22,Telangana,32.36,37.82,0.48,2.62
2023-04-23,Telangana,31.86,36.89,0.43,3.2
2023-04-24,Telangana,30.05,55.02,1.66,5.31
2023-04-25,Telangana,29.62,56.2,4.88,5.02
2023-04-26,Telangana,27.86,56.57,18.07,2.66
2023-04-27,Telangana,28.19,58.49,5.68,3.28
2023-04-28,Telangana,28.21,63.5,16.28,2.04
2023-04-29,Telangana,28.41,60.7,2.3,1.88
2023-04-30,Telangana,26.98,69.11,28.63,3.4
2023-05-01,Telangana,26.08,78.2,12.23,3.23
2023-05-02,Telangana,26.02,73.96,3.97,4.27
2023-05-03,Telangana,27.1,67.06,0.4,2.3
2023-05-04,Telangana,27.83,67.9,1.63,2.99
2023-05-05,Telangana,27.99,66.64,1.3,1.9
2023-05-06,Telangana,29.02,62.25,6.35,2.17
2023-05-07,Telangana,29.89,60.87,2.09,1.76
2023-05-08,Telangana,30.39,60.32,1.74,2.02
2023-05-09,Telangana,30.79,59.07,1.04,2.57
2023-05-10,Telangana,31.78,53.44,0.02,2.98
2023-05-11,Telangana,31.69,49.44,0.0,2.84
2023-05-12,Telangana,31.8,35.15,0.03,2.83
2023-05-13,Telangana,32.2,32.94,0.0,3.56
2023-05-14,Telangana,31.93,36.04,0.0,5.86
2023-05-15,Telangana,31.73,41.09,0.0,6.13
2023-05-16,Telangana,31.5,41.14,0.0,5.22
2023-05-17,Telangana,31.9,36.59,0.0,3.67
2023-05-18,Telangana,33.44,36.27,0.0,1.85
2023-05-19,Telangana,33.07,43.71,0.24,2.49
2023-05-20,Telangana,32.35,48.15,0.59,2.84
2023-05-21,Telangana,32.75,48.86,0.75,3.06
2023-05-22,Telangana,31.18,55.2,7.2,1.83
2023-05-23,Telangana,31.96,50.76,0.07,2.49
2023-05-24,Telangana,32.33,46.1,0.8,3.31
2023-05-25,Telangana,32.25,45.07,0.71,4.44
2023-05-26,Telangana,32.24,42.32,0.0,4.93
2023-05-27,Telangana,32.42,39.41,0.0,3.78
2023-05-28,Telangana,33.15,38.75,0.01,4.22
2023-05-29,Telangana,32.79,45.59,0.45,2.28
2023-05-30,Telangana,30.99,54.15,1.68,2.29
2023-05-31,Telangana,31.96,48.75,0.28,2.85
2023-06-01,Telangana,33.29,41.64,0.01,2.89
2023-06-02,Telangana,33.89,33.42,0.15,4.4
2023-06-03,Telangana,34.54,32.23,0.17,3.86
2023-06-04,Telangana,33.27,40.0,1.91,4.65
2023-06-05,Telangana,32.4,41.63,0.0,4.75
2023-06-06,Telangana,33.3,37.57,0.01,4.43
2023-06-07,Telangana,34.62,34.68,0.45,4.57
2023-06-08,Telangana,34.62,36.88,0.03,5.74
2023-06-09,Telangana,34.6,36.67,0.01,6.11
2023-06-10,Telangana,32.43,45.91,0.75,7.95
2023-06-11,Telangana,32.9,42.4,0.44,6.05
2023-06-12,Telangana,33.89,38.84,0.18,5.86
2023-06-13,Telangana,34.03,38.66,0.0,6.24
2023-06-14,Telangana,33.5,40.24,0.0,6.55
2023-06-15,Telangana,33.64,37.1,0.0,6.15
2023-06-16,Telangana,34.73,34.92,0.0,6.14
2023-06-17,Telangana,33.69,41.67,0.0,6.03
2023-06-18,Telangana,31.71,44.29,0.01,3.99
2023-06-19,Telangana,32.26,42.19,0.0,3.41
2023-06-20,Telangana,33.05,39.25,0.0,3.65
2023-06-21,Telangana,28.99,62.81,6.26,3.98
2023-06-22,Telangana,26.0,79.25,2.6,5.01
2023-06-23,Telangana,27.27,71.58,3.44,3.72
2023-06-24,Telangana,26.37,78.73,22.7,4.26
2023-06-25,Telangana,26.8,69.3,2.41,6.12
2023-06-26,Telangana,26.78,67.56,1.22,7.65
2023-06-27,Telangana,26.86,63.04,2.97,7.5
2023-06-28,Telangana,27.22,62.84,5.46,6.14
2023-06-29,Telangana,28.57,59.61,0.79,6.51
2023-06-30,Telangana,28.35,57.96,0.03,6.86
2023-07-01,Telangana,29.23,56.82,0.32,6.62
2023-07-02,Telangana,28.6,65.06,3.47,5.39
2023-07-03,Telangana,27.71,71.93,1.0,5.02
2023-07-04,Telangana,26.65,81.36,17.33,3.84
2023-07-05,Telangana,26.98,75.6,5.04,5.18
2023-07-06,Telangana,27.22,68.94,1.48,7.42
2023-07-07,Telangana,27.13,65.52,1.31,7.82
2023-07-08,Telangana,27.53,67.99,3.0,6.16
2023-07-09,Telangana,27.73,68.94,3.71,4.75
2023-07-10,Telangana,28.49,66.91,2.86,4.91
2023-07-11,Telangana,26.59,72.95,7.14,5.04
2023-07-12,Telangana,25.44,74.78,9.11,5.7
2023-07-13,Telangana,26.36,73.52,8.36,4.41
2023-07-14,Telangana,27.9,68.9,1.16,4.13
2023-07-15,Telangana,27.76,70.98,3.43,5.37
2023-07-16,Telangana,26.18,75.25,6.6,6.31
2023-07-17,Telangana,26.04,73.71,12.43,7.41
2023-07-18,Telangana,24.69,85.06,24.55,9.19
2023-07-19,Telangana,24.7,86.71,36.76,9.37
2023-07-20,Telangana,23.57,87.87,41.92,9.83
2023-07-21,Telangana,24.65,82.0,14.89,9.7
2023-07-22,Telangana,25.47,80.7,8.45,8.05
2023-07-23,Telangana,26.13,80.48,3.75,6.53
2023-07-24,Telangana,25.83,83.82,30.98,6.97
2023-07-25,Telangana,25.02,87.13,17.29,7.9
2023-07-26,Telangana,24.7,90.0,56.21,7.79
2023-07-27,Telangana,24.65,89.86,38.86,10.53
2023-07-28,Telangana,24.94,85.65,0.47,9.1
2023-07-29,Telangana,26.03,82.34,0.22,6.93
2023-07-30,Telangana,25.28,85.9,1.72,6.39
2023-07-31,Telangana,25.36,88.1,19.22,5.96
2023-08-01,Telangana,25.65,85.1,2.3,6.97
2023-08-02,Telangana,25.67,83.0,0.15,7.3
2023-08-03,Telangana,25.89,80.92,0.03,7.1
2023-08-04,Telangana,26.2,80.54,0.15,5.9
2023-08-05,Telangana,25.9,81.53,0.83,5.64
2023-08-06,Telangana,26.07,80.7,0.1,5.6
2023-08-07,Telangana,25.78,81.03,0.0,5.63
2023-08-08,Telangana,25.99,79.49,0.08,5.28
2023-08-09,Telangana,25.85,80.97,0.12,4.35
2023-08-10,Telangana,26.18,79.27,0.03,3.36
2023-08-11,Telangana,26.13,80.56,0.23,2.86
2023-08-12,Telangana,25.39,83.54,4.96,3.1
2023-08-13,Telangana,25.58,81.67,1.89,3.58
2023-08-14,Telangana,25.04,83.13,3.01,3.0
2023-08-15,Telangana,25.64,81.71,1.78,3.52
2023-08-16,Telangana,25.0,79.9,0.3,3.99
2023-08-17,Telangana,24.57,86.74,0.06,4.08
2023-08-18,Telangana,24.34,86.39,5.63,5.57
2023-08-19,Telangana,24.02,86.4,6.42,5.96
2023-08-20,Telangana,25.38,82.79,1.17,4.05
2023-08-21,Telangana,26.27,76.09,1.54,3.37
2023-08-22,Telangana,26.43,78.43,0.92,2.42
2023-08-23,Telangana,25.53,82.06,0.42,3.35
2023-08-24,Telangana,26.0,78.89,0.03,3.69
2023-08-25,Telangana,26.26,78.79,1.14,3.93
2023-08-26,Telangana,25.76,82.94,2.04,4.22
2023-08-27,Telangana,26.5,80.43,6.59,4.39
2023-08-28,Telangana,26.07,80.87,0.8,4.56
2023-08-29,Telangana,25.76,80.4,0.13,3.41
2023-08-30,Telangana,25.84,78.82,0.0,3.29
2023-08-31,Telangana,25.74,80.55,0.0,3.24
2023-09-01,Telangana,26.6,80.78,0.0,2.25
2023-09-02,Telangana,26.22,82.77,9.94,0.89
2023-09-03,Telangana,25.76,87.02,15.58,2.46
2023-09-04,Telangana,25.01,91.56,31.95,3.79
2023-09-05,Telangana,24.76,91.19,35.9,5.23
2023-09-06,Telangana,24.3,91.03,20.72,4.99
2023-09-07,Telangana,24.16,83.3,2.61,6.82
2023-09-08,Telangana,24.42,84.67,1.67,6.54
2023-09-09,Telangana,25.59,87.15,4.75,5.13
2023-09-10,Telangana,25.64,87.72,14.56,4.83
2023-09-11,Telangana,25.74,84.69,3.73,4.58
2023-09-12,Telangana,25.38,86.87,1.48,3.92
2023-09-13,Telangana,24.57,85.8,0.49,3.84
2023-09-14,Telangana,24.6,86.54,3.48,4.35
2023-09-15,Telangana,25.0,83.51,1.57,4.21
2023-09-16,Telangana,25.39,82.23,0.83,4.5
2023-09-17,Telangana,25.82,81.33,0.06,3.71
2023-09-18,Telangana,26.17,80.2,0.04,3.73
2023-09-19,Telangana,26.01,81.62,0.37,3.84
2023-09-20,Telangana,25.24,87.95,5.53,3.55
2023-09-21,Telangana,25.08,90.25,20.54,2.48
2023-09-22,Telangana,25.02,86.32,3.51,3.09
2023-09-23,Telangana,25.74,83.38,0.32,2.34
2023-09-24,Telangana,25.4,88.52,2.1,2.02
2023-09-25,Telangana,25.12,89.73,7.46,3.06
2023-09-26,Telangana,25.38,87.4,1.28,1.77
2023-09-27,Telangana,25.89,85.3,4.61,1.1
2023-09-28,Telangana,25.92,85.83,11.73,1.62
2023-09-29,Telangana,25.76,84.64,10.8,1.51
2023-09-30,Telangana,25.27,86.48,1.61,2.85
2023-10-01,Telangana,25.79,83.49,0.86,2.76
2023-10-02,Telangana,25.42,86.46,0.34,3.29
2023-10-03,Telangana,25.3,82.25,1.09,4.71
2023-10-04,Telangana,25.13,79.8,0.49,3.5
2023-10-05,Telangana,23.94,76.69,0.0,3.46
2023-10-06,Telangana,23.9,79.15,0.0,3.65
2023-10-07,Telangana,24.47,80.43,0.0,3.24
2023-10-08,Telangana,24.83,78.55,0.0,2.52
2023-10-09,Telangana,25.26,77.05,0.0,2.16
2023-10-10,Telangana,25.38,78.96,0.0,2.42
2023-10-11,Telangana,24.53,79.51,0.0,3.05
2023-10-12,Telangana,24.5,77.02,0.0,2.42
2023-10-13,Telangana,24.55,75.23,0.0,2.23
2023-10-14,Telangana,24.76,74.99,0.0,1.97
2023-10-15,Telangana,24.6,74.86,0.0,1.95
2023-10-16,Telangana,24.42,76.7,0.0,2.03
2023-10-17,Telangana,24.24,79.38,0.0,2.14
2023-10-18,Telangana,23.75,73.65,0.0,2.4
2023-10-19,Telangana,24.21,77.45,0.13,2.42
2023-10-20,Telangana,24.04,80.14,0.0,2.7
2023-10-21,Telangana,23.43,81.24,0.0,2.88
2023-10-22,Telangana,22.01,76.64,0.0,3.82
2023-10-23,Telangana,21.58,73.99,0.0,3.64
2023-10-24,Telangana,21.24,74.49,0.0,3.41
2023-10-25,Telangana,20.77,70.2,0.0,3.5
2023-10-26,Telangana,20.61,68.56,0.0,3.56
2023-10-27,Telangana,20.42,65.37,0.0,3.17
2023-10-28,Telangana,21.17,67.25,0.06,2.71
2023-10-29,Telangana,22.42,68.49,0.0,2.27
2023-10-30,Telangana,22.69,76.22,0.0,2.15
2023-10-31,Telangana,22.34,77.9,0.0,2.22
2023-11-01,Telangana,22.75,74.88,0.0,2.25
2023-11-02,Telangana,23.97,74.11,0.0,1.91
2023-11-03,Telangana,24.74,78.22,0.0,1.86
2023-11-04,Telangana,24.47,78.71,0.24,2.75
2023-11-05,Telangana,23.47,79.93,0.07,2.15
2023-11-06,Telangana,24.16,81.04,0.13,3.02
2023-11-07,Telangana,24.0,84.29,5.55,2.71
2023-11-08,Telangana,24.41,82.5,4.06,2.31
2023-11-09,Telangana,23.69,83.91,2.37,2.07
2023-11-10,Telangana,23.87,76.16,0.0,2.43
2023-11-11,Telangana,22.88,67.56,0.0,2.22
2023-11-12,Telangana,22.68,65.04,0.0,2.94
2023-11-13,Telangana,22.81,71.42,0.0,2.54
2023-11-14,Telangana,22.84,71.22,0.0,2.59
2023-11-15,Telangana,21.95,68.67,0.0,2.77
2023-11-16,Telangana,21.43,68.65,0.0,3.48
2023-11-17,Telangana,22.15,71.06,0.0,3.1
2023-11-18,Telangana,23.11,67.08,0.0,2.51
2023-11-19,Telangana,23.21,71.31,0.0,2.77
2023-11-20,Telangana,22.95,71.88,0.0,2.87
2023-11-21,Telangana,23.61,75.17,0.0,2.7
2023-11-22,Telangana,24.17,78.01,0.32,2.33
2023-11-23,Telangana,23.87,82.73,4.45,2.88
2023-11-24,Telangana,23.78,80.85,1.24,3.26
2023-11-25,Telangana,23.79,76.84,0.13,3.01
2023-11-26,Telangana,23.82,76.16,0.01,2.8
2023-11-27,Telangana,23.93,74.28,0.0,3.83
2023-11-28,Telangana,24.14,74.11,4.92,3.78
2023-11-29,Telangana,23.7,73.11,1.71,4.1
2023-11-30,Telangana,23.66,69.89,0.0,3.73
2023-12-01,Telangana,23.35,70.51,0.01,3.3
2023-12-02,Telangana,23.04,62.9,0.0,3.54
2023-12-03,Telangana,23.92,73.65,0.0,4.41
2023-12-04,Telangana,23.12,74.13,0.56,4.88
2023-12-05,Telangana,20.53,88.9,9.22,7.9
2023-12-06,Telangana,21.68,82.75,2.49,5.26
2023-12-07,Telangana,22.54,70.36,0.04,3.38
2023-12-08,Telangana,21.94,74.12,0.0,2.49
2023-12-09,Telangana,21.16,67.92,0.0,3.04
2023-12-10,Telangana,20.23,65.89,0.0,2.99
2023-12-11,Telangana,20.23,64.94,0.0,2.27
2023-12-12,Telangana,20.25,69.53,0.0,2.3
2023-12-13,Telangana,20.22,71.23,0.0,2.65
2023-12-14,Telangana,19.8,71.04,0.0,2.65
2023-12-15,Telangana,19.61,70.59,0.0,2.45
2023-12-16,Telangana,20.25,70.33,0.0,2.27
2023-12-17,Telangana,20.26,60.85,0.0,2.86
2023-12-18,Telangana,19.68,60.15,0.0,3.24
2023-12-19,Telangana,18.67,58.27,0.0,3.74
2023-12-20,Telangana,18.02,56.58,0.0,3.02
2023-12-21,Telangana,18.36,49.18,0.0,2.74
2023-12-22,Telangana,19.65,53.73,0.0,2.33
2023-12-23,Telangana,19.72,70.58,0.0,2.75
2023-12-24,Telangana,19.98,70.87,0.0,2.4
2023-12-25,Telangana,20.56,61.83,0.0,1.71
2023-12-26,Telangana,21.16,66.33,0.0,2.11
2023-12-27,Telangana,20.7,72.28,0.0,2.45
2023-12-28,Telangana,20.42,70.47,0.0,2.65
2023-12-29,Telangana,20.42,73.48,0.0,2.94
2023-12-30,Telangana,20.83,70.57,0.0,2.29
2023-12-31,Telangana,20.66,69.04,0.0,2.54
2024-01-01,Telangana,20.76,73.7,0.0,2.74
2024-01-02,Telangana,20.86,71.95,0.0,2.94
2024-01-03,Telangana,21.04,73.01,0.0,3.44
2024-01-04,Telangana,21.58,70.15,0.0,3.65
2024-01-05,Telangana,20.98,67.38,0.0,3.89
2024-01-06,Telangana,20.81,66.03,0.0,3.57
2024-01-07,Telangana,21.07,66.54,0.0,3.59
2024-01-08,Telangana,21.27,60.04,0.0,3.72
2024-01-09,Telangana,22.06,61.73,0.0,3.56
2024-01-10,Telangana,22.39,61.5,0.0,2.5
2024-01-11,Telangana,23.53,49.36,0.0,2.11
2024-01-12,Telangana,23.27,56.3,0.0,2.17
2024-01-13,Telangana,23.34,58.76,0.0,2.28
2024-01-14,Telangana,23.25,51.76,0.0,2.26
2024-01-15,Telangana,23.34,53.3,0.0,1.54
2024-01-16,Telangana,23.17,66.7,0.0,2.88
2024-01-17,Telangana,23.38,64.13,0.0,3.83
2024-01-18,Telangana,23.25,62.22,0.0,3.0
2024-01-19,Telangana,23.68,57.96,0.0,2.98
2024-01-20,Telangana,23.68,61.46,0.0,3.62
2024-01-21,Telangana,24.39,61.52,0.0,2.69
2024-01-22,Telangana,25.0,59.56,0.0,2.53
2024-01-23,Telangana,24.61,64.1,0.0,4.31
2024-01-24,Telangana,24.61,62.71,0.0,2.63
2024-01-25,Telangana,22.39,52.5,0.0,2.96
2024-01-26,Telangana,22.19,49.62,0.0,2.46
2024-01-27,Telangana,22.22,40.39,0.0,2.83
2024-01-28,Telangana,21.64,40.91,0.0,2.86
2024-01-29,Telangana,22.91,57.59,0.0,2.85
2024-01-30,Telangana,22.82,51.72,0.0,2.65
2024-01-31,Telangana,23.17,51.89,0.0,2.93
2024-02-01,Telangana,24.36,56.43,0.0,3.61
2024-02-02,Telangana,24.93,47.55,0.0,1.45
2024-02-03,Telangana,24.97,48.72,0.0,2.61
2024-02-04,Telangana,24.74,42.35,0.0,2.77
2024-02-05,Telangana,25.58,54.22,0.0,2.56
2024-02-06,Telangana,26.54,50.84,0.0,2.14
2024-02-07,Telangana,27.73,42.93,0.0,1.61
2024-02-08,Telangana,26.41,36.66,0.0,3.19
2024-02-09,Telangana,25.29,37.39,0.0,2.99
2024-02-10,Telangana,26.04,57.36,0.0,4.45
2024-02-11,Telangana,26.17,57.25,0.0,5.21
2024-02-12,Telangana,25.31,52.92,0.0,4.92
2024-02-13,Telangana,24.82,48.77,0.0,4.78
2024-02-14,Telangana,25.64,48.2,0.0,4.35
2024-02-15,Telangana,25.38,42.97,0.0,3.72
2024-02-16,Telangana,24.74,35.44,0.0,3.57
2024-02-17,Telangana,24.82,34.61,0.0,2.62
2024-02-18,Telangana,25.16,32.8,0.0,3.04
2024-02-19,Telangana,25.88,43.67,0.0,3.46
2024-02-20,Telangana,27.01,41.62,0.0,2.29
2024-02-21,Telangana,27.65,32.59,0.0,2.2
2024-02-22,Telangana,27.42,28.08,0.0,2.27
2024-02-23,Telangana,26.04,40.76,0.0,2.28
2024-02-24,Telangana,27.45,52.31,0.0,3.2
2024-02-25,Telangana,27.22,59.11,0.0,4.17
2024-02-26,Telangana,26.8,54.99,0.0,5.23
2024-02-27,Telangana,26.24,48.4,0.0,3.6
2024-02-28,Telangana,26.92,47.65,0.0,3.25
2024-02-29,Telangana,27.48,43.42,0.0,2.92
2024-03-01,Telangana,28.36,40.27,0.0,3.02
2024-03-02,Telangana,28.93,40.03,0.0,3.73
2024-03-03,Telangana,28.74,40.04,0.0,3.31
2024-03-04,Telangana,29.15,36.87,0.0,2.6
2024-03-05,Telangana,29.78,33.05,0.0,2.13
2024-03-06,Telangana,30.22,33.98,0.0,2.75
2024-03-07,Telangana,30.39,29.76,0.0,3.02
2024-03-08,Telangana,29.66,27.61,0.0,1.86
2024-03-09,Telangana,28.88,29.37,0.0,2.09
2024-03-10,Telangana,28.96,46.13,0.0,3.92
2024-03-11,Telangana,29.12,45.44,0.0,2.95
2024-03-12,Telangana,30.92,40.29,0.0,2.12
2024-03-13,Telangana,31.75,31.91,0.0,3.02
2024-03-14,Telangana,30.83,33.05,0.0,1.85
2024-03-15,Telangana,30.41,39.4,0.52,3.27
2024-03-16,Telangana,29.85,45.11,2.07,4.27
2024-03-17,Telangana,29.14,50.77,1.45,4.48
2024-03-18,Telangana,29.31,44.39,0.42,2.76
2024-03-19,Telangana,28.68,41.37,0.03,3.02
2024-03-20,Telangana,28.33,44.24,0.03,2.74
2024-03-21,Telangana,27.89,47.18,0.01,3.41
2024-03-22,Telangana,28.99,44.25,0.0,2.45
2024-03-23,Telangana,30.5,38.47,0.0,2.71
2024-03-24,Telangana,30.44,38.34,0.0,3.5
2024-03-25,Telangana,31.01,36.57,0.0,3.16
2024-03-26,Telangana,31.28,35.44,0.0,3.75
2024-03-27,Telangana,31.0,32.74,0.0,3.6
2024-03-28,Telangana,31.47,31.39,0.0,3.5
2024-03-29,Telangana,32.67,32.0,0.0,3.8
2024-03-30,Telangana,32.53,32.45,0.0,3.77
2024-03-31,Telangana,31.9,29.44,0.0,3.48
2024-04-01,Telangana,32.76,29.65,0.0,2.59
2024-04-02,Telangana,33.4,26.68,0.0,3.07
2024-04-03,Telangana,32.87,30.85,0.0,2.74
2024-04-04,Telangana,33.65,32.23,0.0,2.91
2024-04-05,Telangana,34.56,25.02,0.0,2.34
2024-04-06,Telangana,34.81,25.14,0.0,2.45
2024-04-07,Telangana,34.56,27.68,0.0,3.54
2024-04-08,Telangana,32.27,37.0,0.0,5.68
2024-04-09,Telangana,30.41,49.96,0.07,5.28
2024-04-10,Telangana,31.2,40.99,0.0,4.77
2024-04-11,Telangana,31.27,38.7,0.03,4.28
2024-04-12,Telangana,30.73,44.32,0.96,3.92
2024-04-13,Telangana,31.25,40.59,0.43,3.31
2024-04-14,Telangana,31.93,37.66,0.0,3.59
2024-04-15,Telangana,32.82,33.26,0.0,3.06
2024-04-16,Telangana,34.03,29.97,0.0,2.45
2024-04-17,Telangana,35.07,27.49,0.0,2.16
2024-04-18,Telangana,35.57,28.64,0.0,2.8
2024-04-19,Telangana,34.95,31.52,0.01,1.44
2024-04-20,Telangana,33.06,39.34,0.62,2.21
2024-04-21,Telangana,34.17,37.15,0.07,2.31
2024-04-22,Telangana,34.59,30.12,0.8,2.43
2024-04-23,Telangana,33.6,29.78,0.22,3.69
2024-04-24,Telangana,33.17,29.23,0.01,2.46
2024-04-25,Telangana,33.92,27.93,0.0,3.62
2024-04-26,Telangana,34.66,28.04,0.0,3.86
2024-04-27,Telangana,34.61,31.39,0.0,3.43
2024-04-28,Telangana,35.5,26.89,0.0,3.38
2024-04-29,Telangana,35.12,30.14,0.0,3.41
2024-04-30,Telangana,36.15,24.62,0.0,2.2
2024-05-01,Telangana,36.11,21.49,0.0,3.65
2024-05-02,Telangana,35.17,16.83,0.0,3.53
2024-05-03,Telangana,34.59,15.14,0.0,3.07
2024-05-04,Telangana,34.61,35.74,0.01,2.49
2024-05-05,Telangana,35.49,33.07,0.18,2.36
2024-05-06,Telangana,35.62,39.6,3.08,2.88
2024-05-07,Telangana,34.28,43.58,18.59,5.2
2024-05-08,Telangana,29.6,58.5,7.9,3.62
2024-05-09,Telangana,30.78,55.28,0.25,3.48
2024-05-10,Telangana,30.69,57.62,1.49,2.88
2024-05-11,Telangana,31.18,56.39,0.34,3.74
2024-05-12,Telangana,30.28,60.84,9.47,3.1
2024-05-13,Telangana,29.82,60.08,1.04,2.78
2024-05-14,Telangana,30.04,59.96,3.47,2.7
2024-05-15,Telangana,29.99,60.29,0.44,2.79
2024-05-16,Telangana,27.74,75.88,27.66,3.51
2024-05-17,Telangana,27.63,72.06,1.23,2.99
2024-05-18,Telangana,28.66,67.67,0.81,2.86
2024-05-19,Telangana,28.98,68.46,1.38,3.16
2024-05-20,Telangana,30.27,63.76,2.79,2.9
2024-05-21,Telangana,31.44,59.35,0.44,3.84
2024-05-22,Telangana,31.68,58.42,0.46,3.44
2024-05-23,Telangana,31.37,60.22,2.31,3.11
2024-05-24,Telangana,32.29,54.05,1.4,2.24
2024-05-25,Telangana,32.04,53.56,0.41,4.53
2024-05-26,Telangana,33.72,46.78,1.35,5.48
2024-05-27,Telangana,34.13,43.28,1.44,6.74
2024-05-28,Telangana,31.94,45.38,0.0,6.42
2024-05-29,Telangana,33.33,44.42,0.0,4.61
2024-05-30,Telangana,34.37,43.3,0.0,4.06
2024-05-31,Telangana,34.6,40.8,0.0,3.94
2024-06-01,Telangana,32.9,46.8,0.0,3.15
2024-06-02,Telangana,31.47,57.61,16.4,4.32
2024-06-03,Telangana,28.59,68.08,4.16,2.94
2024-06-04,Telangana,30.37,61.72,2.3,2.63
2024-06-05,Telangana,29.46,67.71,5.11,2.96
2024-06-06,Telangana,28.89,69.67,12.33,2.15
2024-06-07,Telangana,28.5,71.31,3.34,2.46
2024-06-08,Telangana,27.87,71.54,4.24,3.09
2024-06-09,Telangana,27.25,73.37,0.73,2.69
2024-06-10,Telangana,27.99,73.85,1.13,2.44
2024-06-11,Telangana,29.04,68.97,1.91,4.55
2024-06-12,Telangana,27.71,72.85,2.27,5.09
2024-06-13,Telangana,27.48,73.2,4.38,5.81
2024-06-14,Telangana,27.97,69.48,0.41,5.48
2024-06-15,Telangana,27.39,68.08,0.1,6.19
2024-06-16,Telangana,28.29,71.96,6.95,3.95
2024-06-17,Telangana,28.29,72.02,4.6,2.87
2024-06-18,Telangana,28.13,71.79,5.88,4.61
2024-06-19,Telangana,25.83,77.79,1.64,5.71
2024-06-20,Telangana,28.39,65.85,0.49,5.85
2024-06-21,Telangana,28.17,67.98,1.52,5.42
2024-06-22,Telangana,27.1,75.06,6.54,4.7
2024-06-23,Telangana,27.53,73.26,4.5,2.64
2024-06-24,Telangana,29.01,68.08,1.59,3.91
2024-06-25,Telangana,28.48,68.78,2.33,4.86
2024-06-26,Telangana,25.99,73.92,1.93,6.91
2024-06-27,Telangana,25.39,71.54,4.13,8.11
2024-06-28,Telangana,26.66,68.49,4.87,7.81
2024-06-29,Telangana,27.22,71.77,5.95,5.66
2024-06-30,Telangana,27.82,71.65,6.45,5.78
2024-07-01,Telangana,27.5,71.5,2.05,7.48
2024-07-02,Telangana,27.77,66.71,4.31,8.14
2024-07-03,Telangana,27.74,72.9,1.71,5.81
2024-07-04,Telangana,27.67,71.88,0.77,5.75
2024-07-05,Telangana,26.41,75.51,5.48,6.0
2024-07-06,Telangana,25.95,78.57,9.15,6.0
2024-07-07,Telangana,25.98,78.1,2.84,5.58
2024-07-08,Telangana,25.64,82.87,5.3,4.52
2024-07-09,Telangana,26.06,77.6,1.14,3.75
2024-07-10,Telangana,26.59,74.19,1.15,4.27
2024-07-11,Telangana,28.11,66.58,1.9,5.45
2024-07-12,Telangana,26.12,75.11,4.53,6.82
2024-07-13,Telangana,25.82,78.49,3.53,7.13
2024-07-14,Telangana,25.76,81.83,21.03,7.3
2024-07-15,Telangana,25.5,84.97,11.44,4.99
2024-07-16,Telangana,26.53,74.91,4.22,5.73
2024-07-17,Telangana,26.11,75.05,1.66,6.65
2024-07-18,Telangana,25.38,83.38,8.91,7.26
2024-07-19,Telangana,24.99,82.69,19.44,9.95
2024-07-20,Telangana,24.27,88.11,22.63,9.79
2024-07-21,Telangana,26.12,81.03,5.61,9.15
2024-07-22,Telangana,25.71,81.07,5.07,8.74
2024-07-23,Telangana,25.33,81.7,1.98,8.47
2024-07-24,Telangana,25.54,82.03,3.79,7.77
2024-07-25,Telangana,25.35,83.21,7.12,8.0
2024-07-26,Telangana,25.08,80.76,3.33,8.15
2024-07-27,Telangana,25.35,82.37,3.69,9.3
2024-07-28,Telangana,25.59,79.63,0.92,7.62
2024-07-29,Telangana,26.82,78.68,2.27,5.76
2024-07-30,Telangana,27.18,77.54,1.97,5.0
2024-07-31,Telangana,26.94,80.37,1.8,5.2
2024-08-01,Telangana,26.29,83.06,3.26,6.27
2024-08-02,Telangana,25.52,83.88,4.45,6.8
2024-08-03,Telangana,26.45,78.52,1.46,6.8
2024-08-04,Telangana,25.81,80.65,0.26,5.75
2024-08-05,Telangana,26.33,79.47,3.99,4.9
2024-08-06,Telangana,25.25,86.38,14.89,4.39
2024-08-07,Telangana,24.89,86.99,12.64,4.56
2024-08-08,Telangana,26.03,80.57,2.34,4.61
2024-08-09,Telangana,26.35,80.11,1.65,3.58
2024-08-10,Telangana,26.73,79.41,2.32,3.35
2024-08-11,Telangana,26.84,81.22,8.8,3.05
2024-08-12,Telangana,26.9,81.44,1.16,2.82
2024-08-13,Telangana,27.22,81.15,0.96,1.12
2024-08-14,Telangana,27.22,82.15,0.01,1.36
2024-08-15,Telangana,26.44,87.89,16.86,2.03
2024-08-16,Telangana,26.72,85.05,23.0,2.11
2024-08-17,Telangana,26.32,86.83,12.85,2.04
2024-08-18,Telangana,26.03,87.72,12.75,2.0
2024-08-19,Telangana,26.54,83.03,33.06,1.84
2024-08-20,Telangana,26.35,84.25,8.7,1.66
2024-08-21,Telangana,26.77,83.67,7.2,3.46
2024-08-22,Telangana,26.27,85.82,5.08,2.61
2024-08-23,Telangana,25.24,85.71,3.54,4.83
2024-08-24,Telangana,25.42,87.42,5.55,6.28
2024-08-25,Telangana,25.74,82.72,5.1,6.39
2024-08-26,Telangana,25.72,80.45,0.2,6.34
2024-08-27,Telangana,25.87,82.12,1.34,5.05
2024-08-28,Telangana,25.61,82.6,0.11,4.66
2024-08-29,Telangana,25.47,83.66,1.95,4.02
2024-08-30,Telangana,24.69,88.69,8.54,5.15
2024-08-31,Telangana,24.56,91.11,36.29,6.81
2024-09-01,Telangana,25.04,92.95,41.88,5.34
2024-09-02,Telangana,24.65,86.89,21.18,6.52
2024-09-03,Telangana,23.98,85.22,10.44,6.45
2024-09-04,Telangana,25.1,89.57,17.16,4.81
2024-09-05,Telangana,25.64,87.16,9.95,5.36
2024-09-06,Telangana,25.83,86.79,6.57,5.01
2024-09-07,Telangana,24.75,90.48,11.27,5.11
2024-09-08,Telangana,24.28,90.99,4.41,5.5
2024-09-09,Telangana,24.03,90.09,1.74,5.78
2024-09-10,Telangana,25.19,85.59,0.59,6.02
2024-09-11,Telangana,25.38,82.8,0.02,5.33
2024-09-12,Telangana,25.17,82.54,0.1,4.77
2024-09-13,Telangana,24.78,82.17,0.01,4.85
2024-09-14,Telangana,24.78,83.44,0.0,4.73
2024-09-15,Telangana,24.6,82.0,0.0,5.21
2024-09-16,Telangana,24.23,83.77,0.02,5.34
2024-09-17,Telangana,24.7,83.12,0.01,4.9
2024-09-18,Telangana,24.59,80.16,0.0,3.56
2024-09-19,Telangana,25.07,78.75,0.09,2.46
2024-09-20,Telangana,25.39,82.27,6.69,2.68
2024-09-21,Telangana,24.98,90.27,32.96,3.33
2024-09-22,Telangana,25.53,86.21,6.24,3.08
2024-09-23,Telangana,25.32,89.9,10.2,2.38
2024-09-24,Telangana,25.94,88.79,13.53,2.3
2024-09-25,Telangana,25.79,88.36,19.57,2.23
2024-09-26,Telangana,24.87,87.75,4.68,4.56
2024-09-27,Telangana,24.6,87.96,0.07,4.54
2024-09-28,Telangana,25.64,82.95,0.0,2.95
2024-09-29,Telangana,25.8,82.72,0.33,1.7
